,Source,Target,Type,Weight,book,group
0,Velerad,Geralt,Undirected,1,1,1
1,Geralt,Foltest,Undirected,5,1,1
2,Foltest,Geralt,Undirected,4,1,1
3,Adda,Geralt,Undirected,1,1,1
4,Geralt,Ostrit,Undirected,4,1,1
5,Ostrit,Geralt,Undirected,5,1,1
6,Ostrit,Foltest,Undirected,1,1,1
7,Ostrit,Velerad,Undirected,1,1,2
8,Foltest,Velerad,Undirected,1,1,1
9,Foltest,Adda,Undirected,1,1,1
10,Geralt,Adda,Undirected,2,1,1
11,Foltest,Two,Undirected,1,1,1
12,Yennefer,Nenneke,Undirected,2,1,1
13,Nenneke,Geralt,Undirected,12,1,1
14,Geralt,Nenneke,Undirected,12,1,1
15,Geralt,Iola,Undirected,4,1,1
16,Nenneke,Iola,Undirected,8,1,2
17,Roach,Geralt,Undirected,3,1,1
18,Two,Geralt,Undirected,2,1,1
19,Geralt,Roach,Undirected,4,1,1
20,Geralt,Nivellen,Undirected,14,1,1
21,Nivellen,Geralt,Undirected,11,1,1
22,Fenne,Geralt,Undirected,1,1,1
23,Geralt,Fenne,Undirected,1,1,1
24,Asse,Geralt,Undirected,2,1,1
25,Roach,Vereena,Undirected,2,1,2
26,Vereena,Geralt,Undirected,4,1,1
27,Vereena,Nivellen,Undirected,2,1,2
28,Hereward,Nenneke,Undirected,5,1,2
29,Hereward,Geralt,Undirected,4,1,1
30,Nenneke,Hereward,Undirected,4,1,2
31,Geralt,Hereward,Undirected,3,1,1
32,Nenneke,Falwick,Undirected,4,1,2
33,Falwick,Nenneke,Undirected,6,1,2
34,Geralt,Falwick,Undirected,5,1,1
35,Hereward,Falwick,Undirected,3,1,2
36,Falwick,Geralt,Undirected,3,1,1
37,Falwick,Hereward,Undirected,2,1,2
38,Geralt,Caldemeyn,Undirected,4,1,1
39,Caldemeyn,Geralt,Undirected,9,1,1
40,Stregobor,Count,Undirected,1,1,2
41,Stregobor,Geralt,Undirected,4,1,1
42,Geralt,Eltibald,Undirected,1,1,1
43,Stregobor,Fredefalk,Undirected,2,1,2
44,Geralt,Fredefalk,Undirected,2,1,1
45,Fredefalk,Geralt,Undirected,1,1,1
46,Geralt,Stregobor,Undirected,8,1,1
47,Fredefalk,Renfri,Undirected,2,1,2
48,Renfri,Fredefalk,Undirected,2,1,2
49,Nohorn,Geralt,Undirected,1,1,1
50,Nohorn,Tavik,Undirected,1,1,2
51,Civril,Tavik,Undirected,3,1,2
52,Tavik,Fifteen,Undirected,1,1,2
53,Fifteen,Tavik,Undirected,1,1,2
54,Civril,Renfri,Undirected,4,1,2
55,Renfri,Civril,Undirected,1,1,2
56,Renfri,Tavik,Undirected,1,1,2
57,Tavik,Renfri,Undirected,1,1,2
58,Tavik,Caldemeyn,Undirected,1,1,2
59,Renfri,Caldemeyn,Undirected,3,1,2
60,Caldemeyn,Renfri,Undirected,2,1,2
61,Geralt,Renfri,Undirected,11,1,1
62,Renfri,Audoen,Undirected,3,1,2
63,Audoen,Caldemeyn,Undirected,2,1,2
64,Geralt,Libushe,Undirected,1,1,1
65,Libushe,Geralt,Undirected,2,1,1
66,Renfri,Stregobor,Undirected,4,1,2
67,Geralt,Audoen,Undirected,2,1,1
68,Stregobor,Audoen,Undirected,1,1,2
69,Stregobor,Renfri,Undirected,8,1,2
70,Audoen,Renfri,Undirected,2,1,2
71,Renfri,Geralt,Undirected,8,1,1
72,Nohorn,Fifteen,Undirected,1,1,2
73,Nohorn,Civril,Undirected,1,1,2
74,Fifteen,Civril,Undirected,3,1,2
75,Baron,Civril,Undirected,1,1,2
76,Caldemeyn,Stregobor,Undirected,1,1,2
77,Stregobor,Baron,Undirected,1,1,2
78,Caldemeyn,Audoen,Undirected,1,1,2
79,Audoen,Geralt,Undirected,1,1,1
80,Civril,Fifteen,Undirected,1,1,2
81,Civril,Geralt,Undirected,1,1,1
82,Fifteen,Nohorn,Undirected,1,1,2
83,Iola,Geralt,Undirected,1,1,1
84,Yennefer,Iola,Undirected,1,1,1
85,Geralt,Haxo,Undirected,2,1,1
86,Haxo,Pavetta,Undirected,4,1,2
87,Haxo,Calanthe,Undirected,1,1,2
88,Pavetta,Calanthe,Undirected,9,1,2
89,Calanthe,Geralt,Undirected,17,1,1
90,Haxo,Geralt,Undirected,3,1,1
91,Geralt,Rainfarn,Undirected,1,1,1
92,Rainfarn,Windhalm,Undirected,4,1,2
93,Calanthe,Eist,Undirected,8,1,2
94,Calanthe,Pavetta,Undirected,12,1,2
95,Eist,Pavetta,Undirected,2,1,2
96,Eist,Calanthe,Undirected,7,1,2
97,Pavetta,Eist,Undirected,3,1,2
98,Eist,Crach,Undirected,3,1,2
99,Crach,Eist,Undirected,3,1,2
100,Crach,Draig,Undirected,2,1,2
101,Crach,Calanthe,Undirected,1,1,2
102,Draig,Calanthe,Undirected,2,1,2
103,Draig,Eist,Undirected,1,1,2
104,Calanthe,Drogodar,Undirected,1,1,2
105,Eist,Drogodar,Undirected,1,1,2
106,Eist,Vissegerd,Undirected,3,1,2
107,Drogodar,Vissegerd,Undirected,2,1,2
108,Geralt,Drogodar,Undirected,1,1,1
109,Draig,Geralt,Undirected,2,1,1
110,Geralt,Calanthe,Undirected,5,1,1
111,Calanthe,Draig,Undirected,1,1,2
112,Ravix,Haxo,Undirected,2,1,2
113,Pavetta,Vissegerd,Undirected,1,1,2
114,Vissegerd,Geralt,Undirected,3,1,1
115,Crach,Geralt,Undirected,1,1,1
116,Eist,Geralt,Undirected,3,1,1
117,Haxo,Mousesack,Undirected,2,1,2
118,Geralt,Mousesack,Undirected,10,1,1
119,Mousesack,Crach,Undirected,3,1,2
120,Mousesack,Draig,Undirected,2,1,2
121,Mousesack,Calanthe,Undirected,2,1,2
122,Roegner,Geralt,Undirected,2,1,1
123,Geralt,Pavetta,Undirected,4,1,1
124,Calanthe,Roegner,Undirected,2,1,2
125,Roegner,Calanthe,Undirected,4,1,2
126,Pavetta,Crach,Undirected,2,1,2
127,Crach,Vissegerd,Undirected,1,1,2
128,Vissegerd,Pavetta,Undirected,1,1,2
129,Pavetta,Geralt,Undirected,6,1,1
130,Geralt,Eist,Undirected,2,1,1
131,Draig,Rainfarn,Undirected,1,1,2
132,Pavetta,Roegner,Undirected,2,1,2
133,Roegner,Pavetta,Undirected,1,1,2
134,Pavetta,Mousesack,Undirected,5,1,2
135,Calanthe,Sir,Undirected,1,1,2
136,Sir,Rumplestelt,Undirected,1,1,2
137,Rumplestelt,Calanthe,Undirected,2,1,2
138,Baron,Calanthe,Undirected,1,1,2
139,Geralt,Roegner,Undirected,1,1,1
140,Geralt,Crach,Undirected,2,1,1
141,Crach,Rainfarn,Undirected,4,1,2
142,Rainfarn,Calanthe,Undirected,4,1,2
143,Rainfarn,Crach,Undirected,1,1,2
144,Calanthe,Crach,Undirected,2,1,2
145,Rainfarn,Pavetta,Undirected,2,1,2
146,Rainfarn,Eist,Undirected,1,1,2
147,Windhalm,Calanthe,Undirected,1,1,2
148,Windhalm,Pavetta,Undirected,1,1,2
149,Windhalm,Eist,Undirected,1,1,2
150,Pavetta,Rainfarn,Undirected,2,1,2
151,Eist,Mousesack,Undirected,2,1,2
152,Crach,Drogodar,Undirected,1,1,2
153,Drogodar,Geralt,Undirected,1,1,1
154,Crach,Mousesack,Undirected,1,1,2
155,Mousesack,Geralt,Undirected,1,1,1
156,Mousesack,Pavetta,Undirected,2,1,2
157,Pavetta,Draig,Undirected,1,1,2
158,Calanthe,Rainfarn,Undirected,1,1,2
159,Rainfarn,Mousesack,Undirected,1,1,2
160,Akerspaark,Roegner,Undirected,1,1,2
161,Rainfarn,Geralt,Undirected,1,1,1
162,Nettly,Geralt,Undirected,2,1,1
163,Geralt,Nettly,Undirected,3,1,1
164,Geralt,Dhun,Undirected,7,1,1
165,Dhun,Geralt,Undirected,3,1,1
166,Dhun,Nettly,Undirected,4,1,2
167,Nettly,Dhun,Undirected,3,1,2
168,Lille,Dhun,Undirected,2,1,2
169,Dhun,Lille,Undirected,3,1,2
170,Lille,Geralt,Undirected,6,1,1
171,Geralt,Lille,Undirected,6,1,1
172,Nettly,Lille,Undirected,2,1,2
173,Geralt,Little,Undirected,1,1,1
174,Torque,Galarr,Undirected,3,1,2
175,Galarr,Geralt,Undirected,3,1,1
176,Geralt,Galarr,Undirected,3,1,1
177,Galarr,Torque,Undirected,1,1,2
178,Geralt,Torque,Undirected,6,1,1
179,Aen,Geralt,Undirected,2,1,1
180,Aen,Vanadain,Undirected,1,1,2
181,Geralt,Vanadain,Undirected,2,1,1
182,Geralt,Toruviel,Undirected,7,1,1
183,Vanadain,Toruviel,Undirected,1,1,2
184,Vanadain,Geralt,Undirected,2,1,1
185,Toruviel,Geralt,Undirected,5,1,1
186,Toruviel,Torque,Undirected,1,1,2
187,Toruviel,Vanadain,Undirected,1,1,2
188,Toruviel,Galarr,Undirected,1,1,2
189,Torque,Vanadain,Undirected,1,1,2
190,Vanadain,Galarr,Undirected,1,1,2
191,Torque,Toruviel,Undirected,2,1,2
192,Torque,Geralt,Undirected,3,1,1
193,Filavandrel,Geralt,Undirected,3,1,1
194,Geralt,Filavandrel,Undirected,5,1,1
195,Filavandrel,Toruviel,Undirected,5,1,2
196,Toruviel,Filavandrel,Undirected,4,1,2
197,Filavandrel,Torque,Undirected,2,1,2
198,Filavandrel,Aen,Undirected,1,1,2
199,Toruviel,Aen,Undirected,1,1,2
200,Filavandrel,Lille,Undirected,2,1,2
201,Lille,Field,Undirected,1,1,2
202,Field,Filavandrel,Undirected,1,1,2
203,Toruviel,Lille,Undirected,1,1,2
204,Torque,Field,Undirected,1,1,2
205,Torque,Lille,Undirected,1,1,2
206,Nenneke,Yennefer,Undirected,1,1,1
207,Geralt,Yennefer,Undirected,22,1,1
208,King,Geralt,Undirected,1,1,1
209,Chireadan,Errdil,Undirected,2,1,2
210,Chireadan,Vratimir,Undirected,2,1,2
211,Chireadan,Geralt,Undirected,15,1,1
212,Errdil,Vratimir,Undirected,3,1,2
213,Errdil,Geralt,Undirected,3,1,1
214,Vratimir,Geralt,Undirected,3,1,1
215,Geralt,Vratimir,Undirected,2,1,1
216,Geralt,Chireadan,Undirected,9,1,1
217,Vratimir,Chireadan,Undirected,1,1,2
218,Geralt,King,Undirected,1,1,1
219,Errdil,Chireadan,Undirected,5,1,2
220,Geralt,Beau,Undirected,4,1,1
221,Beau,Chireadan,Undirected,3,1,2
222,Yennefer,Geralt,Undirected,23,1,1
223,Geralt,Triss,Undirected,1,1,1
224,Triss,Beau,Undirected,1,1,2
225,Two,Yennefer,Undirected,1,1,1
226,Yennefer,Errdil,Undirected,3,1,1
227,Errdil,Yennefer,Undirected,1,1,1
228,Vratimir,Yennefer,Undirected,2,1,1
229,Chireadan,Yennefer,Undirected,7,1,1
230,Yennefer,Beau,Undirected,1,1,1
231,Yennefer,Chireadan,Undirected,3,1,1
232,Beau,Yennefer,Undirected,1,1,1
233,Geralt,Sir,Undirected,1,1,1
234,Geralt,Laurelnose,Undirected,3,1,1
235,Chireadan,Laurelnose,Undirected,1,1,2
236,Laurelnose,Yennefer,Undirected,1,1,1
237,Laurelnose,Chireadan,Undirected,1,1,2
238,Laurelnose,Geralt,Undirected,2,1,1
239,Yennefer,Laurelnose,Undirected,1,1,1
240,Laurelnose,Neville,Undirected,1,1,2
241,Neville,Yennefer,Undirected,1,1,1
242,Geralt,Neville,Undirected,2,1,1
243,Neville,Geralt,Undirected,1,1,1
244,Neville,Laurelnose,Undirected,1,1,2
245,Yennefer,Neville,Undirected,1,1,1
246,Geralt,Eskel,Undirected,1,1,1
247,Geralt,Vesemir,Undirected,1,1,1
248,Eskel,Vesemir,Undirected,1,1,1
249,Eskel,Errdil,Undirected,1,1,1
250,Vesemir,Errdil,Undirected,1,1,1
251,Neville,Chireadan,Undirected,1,1,2
252,Neville,Errdil,Undirected,1,1,2
253,Chireadan,Neville,Undirected,1,1,2
254,Geralt,Dennis,Undirected,3,1,1
255,Dennis,Geralt,Undirected,3,1,1
256,Falwick,Dennis,Undirected,1,1,2
257,Falwick,Count,Undirected,2,1,2
258,Dennis,Count,Undirected,2,1,2
259,Dennis,Falwick,Undirected,1,1,2
260,Geralt,Count,Undirected,1,1,1
261,Nenneke,Count,Undirected,1,1,2
262,Count,Dennis,Undirected,1,1,2
263,Count,Geralt,Undirected,1,1,1
264,Iola,Nenneke,Undirected,1,1,2
265,Yennefer,Geralt,Undirected,25,2,1
266,Istredd,Geralt,Undirected,24,2,1
267,Istredd,Yennefer,Undirected,10,2,1
268,Geralt,Yennefer,Undirected,7,2,1
269,Yennefer,Istredd,Undirected,4,2,1
270,Geralt,Herbolth,Undirected,15,2,1
271,Herbolth,Geralt,Undirected,12,2,1
272,Geralt,Seven,Undirected,1,2,1
273,Herbolth,Seven,Undirected,1,2,2
274,Seven,Sir,Undirected,1,2,2
275,Sir,Herbolth,Undirected,1,2,2
276,Istredd,Herbolth,Undirected,5,2,2
277,Herbolth,Istredd,Undirected,2,2,2
278,Geralt,Istredd,Undirected,24,2,1
279,Istredd,Beau,Undirected,1,2,2
280,Yennefer,Beau,Undirected,1,2,1
281,Beau,Istredd,Undirected,1,2,2
282,Vespula,Dandelion,Undirected,3,2,1
283,Vespula,Geralt,Undirected,4,2,1
284,Dandelion,Geralt,Undirected,74,2,1
285,Geralt,Dandelion,Undirected,88,2,1
286,Dandelion,Gar,Undirected,2,2,1
287,Geralt,Gar,Undirected,1,2,1
288,Gar,Dandelion,Undirected,2,2,1
289,Geralt,Dudu,Undirected,10,2,1
290,Dandelion,Dudu,Undirected,3,2,1
291,Dudu,Geralt,Undirected,4,2,1
292,Vimme,Dandelion,Undirected,4,2,1
293,Dandelion,Vimme,Undirected,3,2,1
294,Geralt,Vimme,Undirected,1,2,1
295,Vimme,Geralt,Undirected,2,2,1
296,Dandelion,Vespula,Undirected,4,2,1
297,Dudu,Dandelion,Undirected,1,2,1
298,Dandelion,Little,Undirected,6,2,1
299,Dandelion,Sword,Undirected,4,2,1
300,Little,Sword,Undirected,1,2,2
301,Little,Geralt,Undirected,9,2,1
302,Sword,Geralt,Undirected,2,2,1
303,Geralt,Agloval,Undirected,12,2,1
304,Agloval,Geralt,Undirected,11,2,1
305,Dandelion,Teleri,Undirected,2,2,1
306,Geralt,Teleri,Undirected,1,2,1
307,Geralt,Essi,Undirected,29,2,1
308,Teleri,Geralt,Undirected,1,2,1
309,Teleri,Dandelion,Undirected,1,2,1
310,Teleri,Essi,Undirected,1,2,2
311,Dandelion,Essi,Undirected,11,2,1
312,Essi,Geralt,Undirected,23,2,1
313,Essi,Dandelion,Undirected,7,2,1
314,Little,Dandelion,Undirected,7,2,1
315,Geralt,Little,Undirected,3,2,1
316,Little,Agloval,Undirected,4,2,2
317,Little,Essi,Undirected,4,2,2
318,Agloval,Essi,Undirected,12,2,2
319,Agloval,Dandelion,Undirected,3,2,1
320,Dandelion,Duke,Undirected,1,2,1
321,Geralt,Duke,Undirected,3,2,1
322,Duke,Dandelion,Undirected,1,2,1
323,Duke,Geralt,Undirected,3,2,1
324,Geralt,Zelest,Undirected,5,2,1
325,Dandelion,Zelest,Undirected,2,2,1
326,Dandelion,Agloval,Undirected,3,2,1
327,Zelest,Agloval,Undirected,4,2,2
328,Agloval,Zelest,Undirected,2,2,2
329,Zelest,Geralt,Undirected,7,2,1
330,Zelest,Duke,Undirected,2,2,2
331,Duke,Agloval,Undirected,2,2,2
332,Agloval,Duke,Undirected,1,2,2
333,Dandelion,Veverka,Undirected,2,2,1
334,Veverka,Dandelion,Undirected,1,2,1
335,Essi,Little,Undirected,5,2,2
336,Yennefer,Dandelion,Undirected,2,2,1
337,Dandelion,Yennefer,Undirected,1,2,1
338,Essi,Agloval,Undirected,9,2,2
339,Agloval,Little,Undirected,3,2,2
340,Essi,Yennefer,Undirected,1,2,1
341,Duke,Zelest,Undirected,1,2,2
342,Dandelion,Braenn,Undirected,2,2,1
343,Sword,Braenn,Undirected,1,2,2
344,Braenn,Geralt,Undirected,18,2,1
345,Geralt,Freixenet,Undirected,15,2,1
346,Freixenet,Geralt,Undirected,12,2,1
347,Geralt,Eithn¨¦,Undirected,13,2,1
348,Eithn¨¦,Geralt,Undirected,18,2,1
349,Geralt,Braenn,Undirected,17,2,1
350,Braenn,Ciri,Undirected,10,2,1
351,Geralt,Ciri,Undirected,35,2,1
352,Ciri,Braenn,Undirected,13,2,1
353,Ciri,Sir,Undirected,2,2,1
354,Braenn,Sir,Undirected,2,2,2
355,Sir,Freixenet,Undirected,2,2,2
356,Braenn,Eithn¨¦,Undirected,7,2,2
357,Eithn¨¦,Braenn,Undirected,7,2,2
358,Ciri,Geralt,Undirected,18,2,1
359,Eithn¨¦,Ciri,Undirected,10,2,1
360,Ciri,Eithn¨¦,Undirected,9,2,1
361,Geralt,Aen,Undirected,1,2,1
362,Aen,Braenn,Undirected,2,2,2
363,Aen,Geralt,Undirected,1,2,1
364,Ciri,Freixenet,Undirected,6,2,1
365,Braenn,Freixenet,Undirected,1,2,2
366,Freixenet,Ciri,Undirected,7,2,1
367,Eithn¨¦,Venzlav,Undirected,2,2,2
368,Geralt,Venzlav,Undirected,6,2,1
369,Venzlav,Eithn¨¦,Undirected,1,2,2
370,Venzlav,Freixenet,Undirected,4,2,2
371,Eithn¨¦,Freixenet,Undirected,1,2,2
372,Freixenet,Eithn¨¦,Undirected,1,2,2
373,Venzlav,Geralt,Undirected,2,2,1
374,Freixenet,Braenn,Undirected,1,2,2
375,Yennefer,Eithn¨¦,Undirected,1,2,1
376,Eithn¨¦,Calanthe,Undirected,1,2,2
377,Geralt,Calanthe,Undirected,21,2,1
378,Calanthe,Eithn¨¦,Undirected,2,2,2
379,Ciri,Pavetta,Undirected,2,2,1
380,Pavetta,Ciri,Undirected,2,2,1
381,Two,Ciri,Undirected,1,2,1
382,Ciri,Guy,Undirected,1,2,1
383,Braenn,Mousesack,Undirected,1,2,2
384,Calanthe,Ciri,Undirected,1,2,1
385,Calanthe,Mousesack,Undirected,4,2,2
386,Ciri,Mousesack,Undirected,2,2,1
387,Mousesack,Ciri,Undirected,3,2,1
388,Geralt,Mousesack,Undirected,12,2,1
389,Mousesack,Geralt,Undirected,8,2,1
390,Yurga,King,Undirected,3,2,2
391,King,Yurga,Undirected,2,2,2
392,Yurga,Sir,Undirected,1,2,2
393,Sir,Yurga,Undirected,2,2,2
394,Yurga,Yennefer,Undirected,1,2,1
395,Yennefer,Yurga,Undirected,1,2,1
396,Geralt,King,Undirected,1,2,1
397,King,Geralt,Undirected,3,2,1
398,Geralt,Yurga,Undirected,27,2,1
399,Yurga,Mousesack,Undirected,1,2,2
400,Mousesack,Calanthe,Undirected,5,2,2
401,Calanthe,Geralt,Undirected,22,2,1
402,Calanthe,Pavetta,Undirected,6,2,2
403,Geralt,Pavetta,Undirected,4,2,1
404,Pavetta,Calanthe,Undirected,8,2,2
405,Pavetta,Geralt,Undirected,8,2,1
406,Yurga,Visenna,Undirected,2,2,2
407,Visenna,Geralt,Undirected,17,2,1
408,Geralt,Visenna,Undirected,10,2,1
409,Visenna,Yurga,Undirected,2,2,2
410,Yurga,Geralt,Undirected,21,2,1
411,Geralt,Triss,Undirected,1,2,1
412,Yurga,Triss,Undirected,1,2,2
413,Triss,Geralt,Undirected,2,2,1
414,Geralt,Roach,Undirected,2,2,1
415,Yurga,Roach,Undirected,1,2,2
416,Roach,Yurga,Undirected,2,2,2
417,Roach,Dandelion,Undirected,3,2,1
418,Roach,Geralt,Undirected,2,2,1
419,Dandelion,Calanthe,Undirected,4,2,1
420,Calanthe,Dandelion,Undirected,1,2,1
421,Ciri,Dandelion,Undirected,1,2,1
422,Yurga,Ciri,Undirected,5,2,1
423,Ciri,Yurga,Undirected,2,2,1
424,Ciri,Geralt,Undirected,58,3,1
425,Geralt,Ciri,Undirected,48,3,1
426,Baron,Dandelion,Undirected,3,3,1
427,Dandelion,Geralt,Undirected,13,3,1
428,Dandelion,Yennefer,Undirected,11,3,1
429,Geralt,Yennefer,Undirected,19,3,1
430,Geralt,Dandelion,Undirected,16,3,1
431,Yennefer,Dandelion,Undirected,8,3,1
432,Yennefer,Geralt,Undirected,20,3,1
433,Dandelion,Baron,Undirected,2,3,1
434,Geralt,Baron,Undirected,1,3,1
435,Dandelion,Sheldon,Undirected,2,3,1
436,Dandelion,Donimir,Undirected,1,3,1
437,Sheldon,Donimir,Undirected,2,3,2
438,Donimir,Sheldon,Undirected,1,3,2
439,Donimir,Two,Undirected,1,3,2
440,Two,Dandelion,Undirected,3,3,1
441,Calanthe,Dandelion,Undirected,1,3,1
442,Dandelion,Calanthe,Undirected,2,3,1
443,Sheldon,Baron,Undirected,1,3,2
444,Sheldon,Dandelion,Undirected,2,3,1
445,Baron,Sheldon,Undirected,1,3,2
446,Little,Dandelion,Undirected,1,3,1
447,Dandelion,Rience,Undirected,19,3,1
448,Rience,Dandelion,Undirected,29,3,1
449,Ciri,Dandelion,Undirected,4,3,1
450,Rience,Ciri,Undirected,1,3,1
451,Dandelion,Ciri,Undirected,2,3,1
452,Ciri,Rience,Undirected,1,3,1
453,Rience,Geralt,Undirected,20,3,1
454,Dandelion,Sir,Undirected,1,3,1
455,Sir,Rience,Undirected,1,3,2
456,Sir,Dandelion,Undirected,1,3,1
457,Rience,Yennefer,Undirected,5,3,1
458,King,Dandelion,Undirected,4,3,1
459,Yennefer,Calanthe,Undirected,2,3,1
460,Geralt,Calanthe,Undirected,1,3,1
461,Calanthe,Geralt,Undirected,3,3,1
462,Calanthe,Rience,Undirected,1,3,2
463,Geralt,Rience,Undirected,10,3,1
464,Yennefer,Rience,Undirected,1,3,1
465,Ciri,Yennefer,Undirected,68,3,1
466,Ciri,Roach,Undirected,2,3,1
467,Eskel,Ciri,Undirected,5,3,1
468,Ciri,Eskel,Undirected,5,3,1
469,Eskel,Roach,Undirected,2,3,1
470,Roach,Ciri,Undirected,1,3,1
471,Roach,Eskel,Undirected,1,3,1
472,Ciri,Lambert,Undirected,14,3,1
473,Lambert,Ciri,Undirected,14,3,1
474,Ciri,Vesemir,Undirected,11,3,1
475,Vesemir,Geralt,Undirected,9,3,1
476,Triss,Ciri,Undirected,64,3,1
477,Ciri,Triss,Undirected,68,3,1
478,Geralt,Triss,Undirected,44,3,1
479,Triss,Geralt,Undirected,34,3,1
480,Triss,Lambert,Undirected,6,3,1
481,Lambert,Vesemir,Undirected,4,3,1
482,Vesemir,Ciri,Undirected,15,3,1
483,Lambert,Triss,Undirected,8,3,1
484,Triss,Vesemir,Undirected,14,3,1
485,Vesemir,Triss,Undirected,9,3,1
486,Vesemir,Lambert,Undirected,4,3,1
487,Lambert,Geralt,Undirected,6,3,1
488,Triss,Yennefer,Undirected,8,3,1
489,Yennefer,Triss,Undirected,3,3,1
490,Ciri,Two,Undirected,3,3,1
491,Ciri,Calanthe,Undirected,5,3,1
492,Vesemir,Eskel,Undirected,1,3,1
493,Eskel,Triss,Undirected,4,3,1
494,Triss,Eskel,Undirected,4,3,1
495,Eskel,Vesemir,Undirected,2,3,1
496,Eskel,Geralt,Undirected,2,3,1
497,Geralt,Vesemir,Undirected,5,3,1
498,Nenneke,Ciri,Undirected,16,3,1
499,Ciri,Vanielle,Undirected,1,3,1
500,Triss,Vanielle,Undirected,1,3,2
501,Vanielle,Ciri,Undirected,1,3,1
502,Yennefer,Ciri,Undirected,56,3,1
503,Geralt,Ori,Undirected,1,3,1
504,Ciri,Ori,Undirected,1,3,1
505,Ori,Ciri,Undirected,1,3,1
506,Beau,Ciri,Undirected,1,3,1
507,Eskel,Lambert,Undirected,1,3,1
508,Geralt,Eskel,Undirected,1,3,1
509,Calanthe,Ciri,Undirected,2,3,1
510,Yennefer,Vanielle,Undirected,1,3,1
511,Vanielle,Yennefer,Undirected,1,3,1
512,Vanielle,Geralt,Undirected,1,3,1
513,Two,Ciri,Undirected,1,3,1
514,Two,Triss,Undirected,1,3,2
515,Triss,Forest,Undirected,1,3,2
516,Forest,Geralt,Undirected,1,3,1
517,Geralt,Yarpen,Undirected,8,3,1
518,Yarpen,Geralt,Undirected,14,3,1
519,Triss,Yarpen,Undirected,7,3,2
520,Yarpen,Ciri,Undirected,12,3,1
521,Ciri,Yarpen,Undirected,24,3,1
522,Triss,King,Undirected,1,3,2
523,Ciri,King,Undirected,2,3,1
524,King,Geralt,Undirected,3,3,1
525,Xavier,Yarpen,Undirected,1,3,2
526,Xavier,Regan,Undirected,1,3,2
527,Yarpen,Regan,Undirected,1,3,2
528,Yannick,Yarpen,Undirected,1,3,2
529,Paulie,Xavier,Undirected,1,3,2
530,Xavier,Paulie,Undirected,1,3,2
531,Paulie,Yannick,Undirected,1,3,2
532,Yannick,Ciri,Undirected,1,3,1
533,Yennefer,Yarpen,Undirected,1,3,1
534,Regan,Yarpen,Undirected,1,3,2
535,Yarpen,Triss,Undirected,3,3,2
536,King,Yarpen,Undirected,2,3,2
537,Yannick,Paulie,Undirected,1,3,2
538,Paulie,Yarpen,Undirected,3,3,2
539,Paulie,Triss,Undirected,1,3,2
540,King,Henselt,Undirected,2,3,2
541,King,Ciri,Undirected,1,3,1
542,Henselt,Ciri,Undirected,1,3,1
543,Ciri,Aelirenn,Undirected,5,3,1
544,Aelirenn,Ciri,Undirected,2,3,1
545,Aelirenn,Yarpen,Undirected,1,3,2
546,Yarpen,Aelirenn,Undirected,1,3,2
547,Ciri,Yannick,Undirected,2,3,1
548,Yarpen,Yannick,Undirected,1,3,2
549,Ciri,Regan,Undirected,2,3,1
550,Regan,Ciri,Undirected,2,3,1
551,Ciri,Paulie,Undirected,5,3,1
552,Paulie,Ciri,Undirected,3,3,1
553,Ciri,Sword,Undirected,1,3,1
554,Paulie,Sword,Undirected,1,3,2
555,Sword,Paulie,Undirected,2,3,2
556,Yannick,Regan,Undirected,1,3,2
557,Everett,Geralt,Undirected,11,3,1
558,Everett,Ciri,Undirected,1,3,1
559,Ciri,Iola,Undirected,6,3,1
560,Nenneke,Geralt,Undirected,4,3,1
561,Nenneke,Beau,Undirected,1,3,2
562,Geralt,Beau,Undirected,1,3,1
563,Geralt,Nenneke,Undirected,4,3,1
564,Beau,Nenneke,Undirected,1,3,2
565,Beau,Geralt,Undirected,1,3,1
566,Beau,Iola,Undirected,1,3,2
567,Nenneke,Iola,Undirected,2,3,2
568,Geralt,Iola,Undirected,2,3,1
569,Ciri,Nenneke,Undirected,12,3,1
570,Geralt,Everett,Undirected,6,3,1
571,Everett,Foltest,Undirected,1,3,1
572,Geralt,Foltest,Undirected,1,3,1
573,Geralt,King,Undirected,3,3,1
574,Everett,Dandelion,Undirected,1,3,1
575,Dandelion,Two,Undirected,3,3,1
576,Dandelion,Shani,Undirected,9,3,1
577,Shani,Dandelion,Undirected,8,3,1
578,Shani,Two,Undirected,1,3,1
579,Dandelion,King,Undirected,3,3,1
580,Dandelion,Ori,Undirected,2,3,1
581,Ori,Philippa,Undirected,2,3,1
582,Rience,Philippa,Undirected,6,3,1
583,Philippa,Dandelion,Undirected,8,3,1
584,Dandelion,Philippa,Undirected,15,3,1
585,Philippa,Ori,Undirected,1,3,1
586,Philippa,Rience,Undirected,7,3,1
587,Ori,Rience,Undirected,3,3,2
588,Philippa,Geralt,Undirected,9,3,1
589,Geralt,Philippa,Undirected,10,3,1
590,Rience,King,Undirected,1,3,2
591,King,Philippa,Undirected,1,3,1
592,Philippa,Yennefer,Undirected,1,3,1
593,Yennefer,Philippa,Undirected,6,3,1
594,Ori,Dandelion,Undirected,2,3,1
595,Geralt,Shani,Undirected,7,3,1
596,Shani,Geralt,Undirected,4,3,1
597,Yennefer,Shani,Undirected,1,3,1
598,Shani,Philippa,Undirected,3,3,1
599,King,Foltest,Undirected,1,3,1
600,Foltest,Meve,Undirected,1,3,1
601,Meve,Henselt,Undirected,4,3,2
602,Henselt,Ethain,Undirected,1,3,2
603,Henselt,Crach,Undirected,1,3,2
604,Ethain,Crach,Undirected,1,3,2
605,Ethain,Henselt,Undirected,1,3,2
606,Crach,Henselt,Undirected,1,3,2
607,Crach,Emhyr,Undirected,1,3,2
608,Henselt,Emhyr,Undirected,1,3,2
609,Henselt,Foltest,Undirected,1,3,1
610,Ithlinne,Emhyr,Undirected,2,3,2
611,Emhyr,Foltest,Undirected,1,3,1
612,Henselt,Meve,Undirected,2,3,2
613,Calanthe,Crach,Undirected,3,3,2
614,Crach,Foltest,Undirected,1,3,1
615,Foltest,Henselt,Undirected,1,3,1
616,Vilgefortz,Emhyr,Undirected,1,3,2
617,Vilgefortz,Vissegerd,Undirected,1,3,2
618,Emhyr,Vissegerd,Undirected,1,3,2
619,Vissegerd,Foltest,Undirected,3,3,1
620,Vissegerd,Calanthe,Undirected,3,3,2
621,Foltest,Vissegerd,Undirected,4,3,1
622,Foltest,Calanthe,Undirected,2,3,1
623,Calanthe,Foltest,Undirected,3,3,1
624,Calanthe,Vissegerd,Undirected,1,3,2
625,Calanthe,Meve,Undirected,2,3,2
626,Vissegerd,Meve,Undirected,2,3,2
627,Ekkehard,Venzlav,Undirected,1,3,2
628,Venzlav,Foltest,Undirected,1,3,1
629,King,Meve,Undirected,2,3,2
630,King,Calanthe,Undirected,1,3,2
631,Meve,Calanthe,Undirected,1,3,2
632,Meve,Pavetta,Undirected,1,3,2
633,Meve,Foltest,Undirected,1,3,1
634,Calanthe,Pavetta,Undirected,1,3,2
635,Pavetta,Foltest,Undirected,2,3,1
636,Foltest,Rience,Undirected,1,3,1
637,Vissegerd,Rience,Undirected,1,3,2
638,Rience,Calanthe,Undirected,1,3,2
639,Rience,Foltest,Undirected,1,3,1
640,Calanthe,Emhyr,Undirected,2,3,2
641,Henselt,Vissegerd,Undirected,1,3,2
642,Meve,Vissegerd,Undirected,1,3,2
643,Foltest,Emhyr,Undirected,1,3,1
644,Vissegerd,Emhyr,Undirected,1,3,2
645,Emhyr,Meve,Undirected,1,3,2
646,Rience,Windhalm,Undirected,1,3,2
647,Philippa,Shani,Undirected,1,3,1
648,Nenneke,Yennefer,Undirected,13,3,1
649,Two,Rience,Undirected,1,3,2
650,Shani,Little,Undirected,1,3,1
651,Shani,Rience,Undirected,1,3,1
652,Little,Rience,Undirected,2,3,2
653,Artaud,Tissaia,Undirected,5,3,2
654,Artaud,Vilgefortz,Undirected,4,3,2
655,Tissaia,Vilgefortz,Undirected,7,3,2
656,Vilgefortz,Tissaia,Undirected,6,3,2
657,Tissaia,Lydia,Undirected,7,3,2
658,Lydia,Tissaia,Undirected,6,3,2
659,Lydia,Artaud,Undirected,4,3,2
660,Tissaia,Artaud,Undirected,3,3,2
661,Tissaia,Two,Undirected,1,3,2
662,Artaud,Lydia,Undirected,5,3,2
663,Artaud,Two,Undirected,1,3,2
664,Lydia,Two,Undirected,1,3,2
665,Two,Lydia,Undirected,2,3,2
666,Two,Tissaia,Undirected,1,3,2
667,Two,Artaud,Undirected,1,3,2
668,Vilgefortz,Lydia,Undirected,4,3,2
669,Lydia,Vilgefortz,Undirected,4,3,2
670,Vilgefortz,Artaud,Undirected,3,3,2
671,Aen,Tissaia,Undirected,1,3,2
672,Aen,Vilgefortz,Undirected,1,3,2
673,Aen,Yennefer,Undirected,1,3,1
674,Tissaia,Yennefer,Undirected,3,3,1
675,Vilgefortz,Yennefer,Undirected,2,3,1
676,Yennefer,Vilgefortz,Undirected,1,3,1
677,Yennefer,Lydia,Undirected,1,3,1
678,Yennefer,Artaud,Undirected,1,3,1
679,Tissaia,Geralt,Undirected,1,3,1
680,Rience,Sword,Undirected,1,3,2
681,Sword,Geralt,Undirected,1,3,1
682,Triss,Philippa,Undirected,4,3,1
683,Philippa,Ciri,Undirected,4,3,1
684,Ciri,Shani,Undirected,2,3,1
685,Tissaia,Iola,Undirected,1,3,2
686,Iola,Ciri,Undirected,8,3,1
687,Iola,Yennefer,Undirected,3,3,1
688,Yennefer,Iola,Undirected,1,3,1
689,Jarre,Ciri,Undirected,16,3,1
690,Ciri,Jarre,Undirected,8,3,1
691,Jarre,Yennefer,Undirected,7,3,1
692,Jarre,Nenneke,Undirected,1,3,2
693,Yennefer,Nenneke,Undirected,12,3,1
694,Yennefer,Jarre,Undirected,7,3,1
695,Jarre,Forest,Undirected,1,3,2
696,Jarre,King,Undirected,1,3,2
697,Jarre,Geralt,Undirected,1,3,1
698,Iola,Nenneke,Undirected,2,3,2
699,Ciri,Jan,Undirected,1,3,1
700,Dandelion,Essi,Undirected,1,3,1
701,Dandelion,Blue,Undirected,1,3,1
702,Essi,Blue,Undirected,1,3,2
703,Essi,Yennefer,Undirected,1,3,1
704,Blue,Yennefer,Undirected,1,3,1
705,Blue,Ciri,Undirected,1,3,1
706,Geralt,Forest,Undirected,2,3,1
707,Forest,Ciri,Undirected,1,3,1
708,Crach,Calanthe,Undirected,5,3,2
709,Crach,Ciri,Undirected,2,3,1
710,Calanthe,Eist,Undirected,1,3,2
711,Ciri,Eist,Undirected,1,3,1
712,Ciri,Crach,Undirected,2,3,1
713,Eist,Crach,Undirected,2,3,2
714,Pavetta,Ciri,Undirected,2,3,1
715,Yennefer,Ithlinne,Undirected,1,3,1
716,Yennefer,Sword,Undirected,1,3,1
717,Nenneke,Ithlinne,Undirected,1,3,2
718,Nenneke,Sword,Undirected,1,3,2
719,Ithlinne,Sword,Undirected,1,3,2
720,Ithlinne,Yennefer,Undirected,1,3,1
721,Ithlinne,Ciri,Undirected,1,3,1
722,Sword,Yennefer,Undirected,1,3,1
723,Sword,Ciri,Undirected,1,3,1
724,Aplegatt,King,Undirected,1,4,2
725,King,Aplegatt,Undirected,2,4,2
726,Aplegatt,Meve,Undirected,1,4,2
727,Aplegatt,Demavend,Undirected,2,4,2
728,Aplegatt,Emhyr,Undirected,1,4,2
729,Meve,Demavend,Undirected,1,4,2
730,Meve,Emhyr,Undirected,1,4,2
731,Demavend,Emhyr,Undirected,1,4,2
732,Emhyr,Vissegerd,Undirected,1,4,2
733,Vissegerd,Forest,Undirected,1,4,2
734,Aplegatt,Ciri,Undirected,2,4,1
735,Ciri,Aplegatt,Undirected,2,4,1
736,Aplegatt,Yennefer,Undirected,1,4,1
737,Ciri,Yennefer,Undirected,31,4,1
738,Yennefer,Aplegatt,Undirected,1,4,1
739,Aplegatt,Foltest,Undirected,1,4,1
740,Foltest,Demavend,Undirected,2,4,1
741,Codringher,Geralt,Undirected,9,4,1
742,Geralt,Codringher,Undirected,12,4,1
743,Codringher,Dandelion,Undirected,3,4,1
744,Rience,Calanthe,Undirected,1,4,2
745,Rience,Codringher,Undirected,8,4,2
746,Codringher,Rience,Undirected,10,4,2
747,Rience,Geralt,Undirected,4,4,1
748,Geralt,Rience,Undirected,6,4,1
749,Rience,Yennefer,Undirected,2,4,1
750,Yennefer,Codringher,Undirected,2,4,1
751,Yennefer,Rience,Undirected,2,4,1
752,Codringher,Emhyr,Undirected,1,4,2
753,Codringher,Philippa,Undirected,1,4,1
754,Emhyr,Philippa,Undirected,2,4,1
755,Emhyr,Sabrina,Undirected,1,4,2
756,Emhyr,Henselt,Undirected,2,4,2
757,Philippa,Sabrina,Undirected,4,4,1
758,Philippa,Henselt,Undirected,1,4,1
759,Sabrina,Henselt,Undirected,3,4,2
760,Sabrina,Rience,Undirected,1,4,2
761,Henselt,Rience,Undirected,1,4,2
762,Codringher,Foltest,Undirected,1,4,1
763,Codringher,Ciri,Undirected,2,4,1
764,Foltest,Ciri,Undirected,1,4,1
765,Foltest,Codringher,Undirected,1,4,1
766,Ciri,Codringher,Undirected,1,4,1
767,Ciri,Geralt,Undirected,7,4,1
768,Rience,King,Undirected,1,4,2
769,Codringher,King,Undirected,1,4,2
770,Codringher,Calanthe,Undirected,3,4,2
771,King,Calanthe,Undirected,1,4,2
772,Geralt,King,Undirected,1,4,1
773,King,Rience,Undirected,1,4,2
774,Calanthe,Roegner,Undirected,5,4,2
775,Roegner,Pavetta,Undirected,4,4,2
776,Pavetta,Geralt,Undirected,1,4,1
777,Geralt,Roegner,Undirected,2,4,1
778,Codringher,Roegner,Undirected,1,4,2
779,Roegner,Calanthe,Undirected,1,4,2
780,Roegner,Ciri,Undirected,1,4,1
781,Ciri,Calanthe,Undirected,1,4,1
782,Geralt,Calanthe,Undirected,1,4,1
783,Geralt,Pavetta,Undirected,2,4,1
784,Calanthe,Pavetta,Undirected,5,4,2
785,Pavetta,Calanthe,Undirected,3,4,2
786,Pavetta,Eist,Undirected,1,4,2
787,Eist,Calanthe,Undirected,1,4,2
788,Calanthe,Codringher,Undirected,1,4,2
789,Pavetta,Codringher,Undirected,1,4,2
790,Emhyr,King,Undirected,1,4,2
791,Akerspaark,Emhyr,Undirected,1,4,2
792,Akerspaark,Horm,Undirected,1,4,2
793,Horm,Codringher,Undirected,1,4,2
794,Horm,Akerspaark,Undirected,1,4,2
795,Codringher,Akerspaark,Undirected,1,4,2
796,Akerspaark,Geralt,Undirected,1,4,1
797,Geralt,Akerspaark,Undirected,1,4,1
798,Geralt,Ciri,Undirected,9,4,1
799,Akerspaark,Pavetta,Undirected,1,4,2
800,Akerspaark,Ciri,Undirected,1,4,1
801,Pavetta,Ciri,Undirected,1,4,1
802,Ithlinne,Aen,Undirected,1,4,2
803,Ithlinne,Codringher,Undirected,1,4,2
804,Ithlinne,Geralt,Undirected,1,4,1
805,Aen,Codringher,Undirected,1,4,2
806,Aen,Geralt,Undirected,1,4,1
807,Yennefer,Gar,Undirected,2,4,1
808,Geralt,Yennefer,Undirected,23,4,1
809,Little,Aplegatt,Undirected,1,4,2
810,Demavend,Aplegatt,Undirected,2,4,2
811,Aplegatt,Gar,Undirected,1,4,2
812,Gar,Toruviel,Undirected,1,4,2
813,Gar,Yaevinn,Undirected,1,4,2
814,Toruviel,Yaevinn,Undirected,1,4,2
815,Yaevinn,Toruviel,Undirected,2,4,2
816,Toruviel,Aplegatt,Undirected,1,4,2
817,Dandelion,Two,Undirected,1,4,1
818,Yennefer,Ciri,Undirected,26,4,1
819,Ciri,Yarpen,Undirected,3,4,1
820,Yarpen,Yennefer,Undirected,2,4,1
821,Yennefer,Jarre,Undirected,1,4,1
822,Ciri,Jarre,Undirected,3,4,1
823,Jarre,Molnar,Undirected,1,4,2
824,Molnar,Ciri,Undirected,5,4,1
825,Ciri,Molnar,Undirected,4,4,1
826,Molnar,Yennefer,Undirected,2,4,1
827,Yennefer,Molnar,Undirected,5,4,1
828,Yennefer,Emhyr,Undirected,1,4,1
829,Foltest,Molnar,Undirected,1,4,1
830,Yennefer,Fifteen,Undirected,1,4,1
831,Molnar,Little,Undirected,1,4,2
832,Little,Yennefer,Undirected,1,4,1
833,Little,Molnar,Undirected,1,4,2
834,Fabio,Ciri,Undirected,18,4,1
835,Ciri,Fabio,Undirected,21,4,1
836,Fabio,Yennefer,Undirected,2,4,1
837,Fabio,Molnar,Undirected,1,4,2
838,Yennefer,Fabio,Undirected,2,4,1
839,Molnar,Fabio,Undirected,1,4,2
840,Fabio,Gar,Undirected,1,4,2
841,Count,Ciri,Undirected,1,4,1
842,Ciri,Nenneke,Undirected,2,4,1
843,Fabio,Nenneke,Undirected,1,4,2
844,Nenneke,Gar,Undirected,1,4,2
845,Gar,Ciri,Undirected,6,4,1
846,Two,Ciri,Undirected,3,4,1
847,Two,Fabio,Undirected,1,4,2
848,Jarre,Yennefer,Undirected,1,4,1
849,Ciri,Tissaia,Undirected,3,4,1
850,Ciri,Anna,Undirected,1,4,1
851,Anna,Ciri,Undirected,1,4,1
852,Anna,Yennefer,Undirected,1,4,1
853,Yennefer,Margarita,Undirected,2,4,1
854,Tissaia,Margarita,Undirected,2,4,2
855,Tissaia,Yennefer,Undirected,5,4,1
856,Tissaia,Ciri,Undirected,2,4,1
857,Margarita,Yennefer,Undirected,2,4,1
858,Falka,Rayla,Undirected,2,4,2
859,Rayla,Ciri,Undirected,1,4,1
860,Yennefer,Rayla,Undirected,1,4,1
861,Ciri,Rayla,Undirected,3,4,1
862,Margarita,Tissaia,Undirected,2,4,2
863,Ciri,Margarita,Undirected,1,4,1
864,Tissaia,Geralt,Undirected,4,4,1
865,Yennefer,Geralt,Undirected,19,4,1
866,Ciri,Gar,Undirected,2,4,1
867,Ciri,Yaevinn,Undirected,2,4,1
868,Ciri,King,Undirected,1,4,1
869,Ciri,Bran,Undirected,2,4,1
870,King,Ciri,Undirected,2,4,1
871,King,Bran,Undirected,1,4,2
872,Bran,Ciri,Undirected,1,4,1
873,Dandelion,Falka,Undirected,1,4,1
874,Count,Dandelion,Undirected,1,4,1
875,Dandelion,Yennefer,Undirected,1,4,1
876,Yennefer,Dandelion,Undirected,5,4,1
877,Dandelion,Ciri,Undirected,4,4,1
878,Ciri,Dandelion,Undirected,7,4,1
879,Geralt,Dandelion,Undirected,11,4,1
880,Sabrina,Geralt,Undirected,3,4,1
881,Yennefer,Sabrina,Undirected,3,4,1
882,Geralt,Sabrina,Undirected,3,4,1
883,Henselt,Sabrina,Undirected,1,4,2
884,Geralt,Philippa,Undirected,3,4,1
885,Yennefer,Philippa,Undirected,4,4,1
886,Sabrina,Yennefer,Undirected,2,4,1
887,Yennefer,Henselt,Undirected,1,4,1
888,Henselt,Yennefer,Undirected,1,4,1
889,Philippa,Triss,Undirected,4,4,1
890,Triss,Philippa,Undirected,2,4,1
891,Triss,Yennefer,Undirected,4,4,1
892,Philippa,Yennefer,Undirected,4,4,1
893,Yennefer,Triss,Undirected,6,4,1
894,Triss,Geralt,Undirected,3,4,1
895,Geralt,Triss,Undirected,4,4,1
896,Geralt,Esterad,Undirected,1,4,1
897,Triss,Esterad,Undirected,2,4,2
898,Geralt,Vilgefortz,Undirected,12,4,1
899,Geralt,Francesca,Undirected,1,4,1
900,Vilgefortz,Francesca,Undirected,3,4,2
901,Vilgefortz,Carduin,Undirected,2,4,2
902,Carduin,Philippa,Undirected,2,4,1
903,Philippa,Geralt,Undirected,3,4,1
904,Geralt,Count,Undirected,1,4,1
905,Two,King,Undirected,1,4,2
906,Francesca,Sabrina,Undirected,1,4,2
907,Marti,Sabrina,Undirected,2,4,2
908,Sabrina,Marti,Undirected,2,4,2
909,Marti,Geralt,Undirected,2,4,1
910,Geralt,Dorregaray,Undirected,5,4,1
911,Yennefer,Dorregaray,Undirected,1,4,1
912,Dorregaray,Geralt,Undirected,3,4,1
913,Sabrina,Dorregaray,Undirected,1,4,2
914,Philippa,Dorregaray,Undirected,1,4,1
915,Dorregaray,Sabrina,Undirected,1,4,2
916,Sabrina,Ethain,Undirected,1,4,2
917,Ethain,Sabrina,Undirected,1,4,2
918,Ethain,Henselt,Undirected,1,4,2
919,Henselt,Marti,Undirected,1,4,2
920,Yennefer,Keira,Undirected,2,4,1
921,Keira,Sabrina,Undirected,1,4,2
922,Sabrina,Keira,Undirected,1,4,2
923,Keira,Marti,Undirected,2,4,2
924,Keira,Philippa,Undirected,1,4,1
925,Marti,Philippa,Undirected,2,4,1
926,Philippa,Keira,Undirected,3,4,1
927,Philippa,Marti,Undirected,2,4,1
928,Yennefer,Vilgefortz,Undirected,5,4,1
929,Yennefer,Artaud,Undirected,1,4,1
930,Yennefer,Francesca,Undirected,2,4,1
931,Yennefer,Tissaia,Undirected,5,4,1
932,Artaud,Yennefer,Undirected,1,4,1
933,Artaud,Francesca,Undirected,1,4,2
934,Artaud,Tissaia,Undirected,2,4,2
935,Francesca,Tissaia,Undirected,2,4,2
936,Tissaia,Vilgefortz,Undirected,8,4,2
937,Vilgefortz,Geralt,Undirected,10,4,1
938,Vilgefortz,Yennefer,Undirected,4,4,1
939,Vilgefortz,Tissaia,Undirected,1,4,2
940,Lydia,Vilgefortz,Undirected,4,4,2
941,Geralt,Lydia,Undirected,4,4,1
942,Beau,Vilgefortz,Undirected,1,4,2
943,Leticia,Tissaia,Undirected,1,4,2
944,Leticia,Lydia,Undirected,1,4,2
945,Tissaia,Lydia,Undirected,3,4,2
946,Lydia,Geralt,Undirected,3,4,1
947,Lydia,Falka,Undirected,1,4,2
948,Geralt,Falka,Undirected,3,4,1
949,Aen,Lydia,Undirected,1,4,2
950,Lydia,Ciri,Undirected,1,4,1
951,Ciri,Lydia,Undirected,1,4,1
952,Geralt,Gar,Undirected,3,4,1
953,Yennefer,Lydia,Undirected,1,4,1
954,Vilgefortz,Ciri,Undirected,1,4,1
955,Vilgefortz,Codringher,Undirected,2,4,2
956,Ciri,Triss,Undirected,1,4,1
957,Falka,Pavetta,Undirected,2,4,2
958,Falka,Ithlinne,Undirected,2,4,2
959,Pavetta,Falka,Undirected,1,4,2
960,Pavetta,Ithlinne,Undirected,1,4,2
961,Ithlinne,Falka,Undirected,1,4,2
962,Falka,Codringher,Undirected,1,4,2
963,Codringher,Falka,Undirected,1,4,2
964,Falka,Geralt,Undirected,1,4,1
965,Rience,Emhyr,Undirected,1,4,2
966,Artaud,Keira,Undirected,1,4,2
967,Artaud,Geralt,Undirected,1,4,1
968,Keira,Geralt,Undirected,5,4,1
969,Geralt,Keira,Undirected,3,4,1
970,Keira,Yennefer,Undirected,3,4,1
971,Lydia,Sabrina,Undirected,1,4,2
972,Sabrina,Triss,Undirected,1,4,2
973,Sabrina,Lydia,Undirected,1,4,2
974,Triss,Lydia,Undirected,2,4,2
975,Triss,Vilgefortz,Undirected,2,4,2
976,Gar,Philippa,Undirected,2,4,1
977,Gar,Marti,Undirected,1,4,2
978,Lydia,Tissaia,Undirected,1,4,2
979,Geralt,Tissaia,Undirected,2,4,1
980,Geralt,Artaud,Undirected,1,4,1
981,Tissaia,Artaud,Undirected,1,4,2
982,Tissaia,Philippa,Undirected,6,4,1
983,Lydia,Artaud,Undirected,1,4,2
984,Lydia,Philippa,Undirected,3,4,1
985,Artaud,Philippa,Undirected,2,4,1
986,Philippa,Tissaia,Undirected,3,4,1
987,Triss,Keira,Undirected,1,4,2
988,Triss,Tissaia,Undirected,1,4,2
989,Keira,Tissaia,Undirected,2,4,2
990,Tissaia,Francesca,Undirected,3,4,2
991,Keira,Gar,Undirected,4,4,2
992,Sigismund,Voymir,Undirected,1,4,2
993,Philippa,King,Undirected,3,4,1
994,Dorregaray,Marti,Undirected,1,4,2
995,Dorregaray,Carduin,Undirected,2,4,2
996,Marti,Carduin,Undirected,2,4,2
997,Marti,Gar,Undirected,1,4,2
998,Carduin,Gar,Undirected,3,4,2
999,Gar,Carduin,Undirected,1,4,2
1000,Philippa,Carduin,Undirected,1,4,1
1001,Carduin,Tissaia,Undirected,1,4,2
1002,Gar,Tissaia,Undirected,1,4,2
1003,Gar,Francesca,Undirected,1,4,2
1004,Francesca,Vilgefortz,Undirected,1,4,2
1005,Francesca,Marti,Undirected,1,4,2
1006,Francesca,Dorregaray,Undirected,1,4,2
1007,Vilgefortz,Marti,Undirected,1,4,2
1008,Vilgefortz,Dorregaray,Undirected,1,4,2
1009,Marti,Dorregaray,Undirected,1,4,2
1010,Gar,Yennefer,Undirected,3,4,1
1011,Gar,Keira,Undirected,1,4,2
1012,Keira,Vilgefortz,Undirected,1,4,2
1013,Philippa,Demavend,Undirected,2,4,1
1014,Sabrina,Demavend,Undirected,1,4,2
1015,Sabrina,Tissaia,Undirected,1,4,2
1016,Demavend,Tissaia,Undirected,1,4,2
1017,Demavend,Philippa,Undirected,1,4,1
1018,Tissaia,Demavend,Undirected,1,4,2
1019,Esterad,Carduin,Undirected,1,4,2
1020,Esterad,Sabrina,Undirected,1,4,2
1021,Carduin,Sabrina,Undirected,1,4,2
1022,Sabrina,Emhyr,Undirected,1,4,2
1023,Emhyr,Vilgefortz,Undirected,4,4,2
1024,Vilgefortz,Emhyr,Undirected,5,4,2
1025,Francesca,Emhyr,Undirected,1,4,2
1026,Francesca,Philippa,Undirected,1,4,1
1027,Philippa,Lydia,Undirected,2,4,1
1028,Emhyr,Tissaia,Undirected,1,4,2
1029,Sabrina,Foltest,Undirected,1,4,1
1030,Sabrina,Philippa,Undirected,1,4,1
1031,Foltest,Philippa,Undirected,1,4,1
1032,Foltest,King,Undirected,2,4,1
1033,King,Tissaia,Undirected,2,4,2
1034,King,Philippa,Undirected,1,4,1
1035,Rience,Vilgefortz,Undirected,1,4,2
1036,Margarita,Ciri,Undirected,1,4,1
1037,Ciri,Emhyr,Undirected,2,4,1
1038,Emhyr,Ciri,Undirected,2,4,1
1039,Ciri,Vilgefortz,Undirected,4,4,1
1040,Gar,Vilgefortz,Undirected,1,4,2
1041,Emhyr,Geralt,Undirected,1,4,1
1042,Artaud,Emhyr,Undirected,1,4,2
1043,Artaud,Vilgefortz,Undirected,1,4,2
1044,Emhyr,Codringher,Undirected,1,4,2
1045,Gar,Triss,Undirected,1,4,2
1046,Triss,King,Undirected,1,4,2
1047,Tissaia,Triss,Undirected,1,4,2
1048,Emhyr,Morvran,Undirected,1,4,2
1049,Emhyr,Jan,Undirected,1,4,2
1050,Morvran,Jan,Undirected,1,4,2
1051,Dandelion,Venzlav,Undirected,1,4,1
1052,Dandelion,Geralt,Undirected,8,4,1
1053,Gar,Geralt,Undirected,1,4,1
1054,Dandelion,Triss,Undirected,2,4,1
1055,Triss,Venzlav,Undirected,1,4,2
1056,Venzlav,Geralt,Undirected,1,4,1
1057,Venzlav,Dandelion,Undirected,1,4,1
1058,Geralt,Fauve,Undirected,1,4,1
1059,Fauve,Dandelion,Undirected,2,4,1
1060,Emhyr,Two,Undirected,1,4,2
1061,King,Demavend,Undirected,1,4,2
1062,Bronibor,Foltest,Undirected,1,4,1
1063,Bronibor,Emhyr,Undirected,1,4,2
1064,Foltest,Emhyr,Undirected,3,4,1
1065,Demavend,Hereward,Undirected,2,4,2
1066,Hereward,Emhyr,Undirected,1,4,2
1067,King,Emhyr,Undirected,1,4,2
1068,Ciri,Henselt,Undirected,1,4,1
1069,Henselt,Foltest,Undirected,1,4,1
1070,Henselt,Demavend,Undirected,1,4,2
1071,Demavend,Dandelion,Undirected,1,4,1
1072,Dandelion,Menno,Undirected,1,4,1
1073,Menno,Geralt,Undirected,1,4,1
1074,Esterad,Vilgefortz,Undirected,2,4,2
1075,Esterad,Emhyr,Undirected,2,4,2
1076,Vilgefortz,Dandelion,Undirected,2,4,1
1077,Emhyr,Dandelion,Undirected,1,4,1
1078,Filavandrel,Henselt,Undirected,2,4,2
1079,Emhyr,Filavandrel,Undirected,3,4,2
1080,Emhyr,Foltest,Undirected,1,4,1
1081,Filavandrel,Foltest,Undirected,1,4,1
1082,Foltest,Henselt,Undirected,1,4,1
1083,Henselt,Emhyr,Undirected,1,4,2
1084,Emhyr,Aen,Undirected,1,4,2
1085,Dandelion,Gar,Undirected,1,4,1
1086,Dandelion,Fauve,Undirected,1,4,1
1087,Gar,Fauve,Undirected,1,4,2
1088,Gar,Dandelion,Undirected,1,4,1
1089,Ardal,Emhyr,Undirected,1,4,2
1090,Count,Emhyr,Undirected,1,4,2
1091,Vattier,Emhyr,Undirected,1,4,2
1092,Vattier,Stefan,Undirected,1,4,2
1093,Emhyr,Stefan,Undirected,2,4,2
1094,Emhyr,Xarthisius,Undirected,1,4,2
1095,Xarthisius,Emhyr,Undirected,1,4,2
1096,Emhyr,Vattier,Undirected,1,4,2
1097,Vattier,Ceallach,Undirected,1,4,2
1098,Xarthisius,Vilgefortz,Undirected,1,4,2
1099,Cahir,Emhyr,Undirected,1,4,2
1100,Emhyr,Cahir,Undirected,1,4,2
1101,Cahir,Ceallach,Undirected,1,4,2
1102,Cahir,Vattier,Undirected,1,4,2
1103,Ceallach,Vattier,Undirected,1,4,2
1104,Vattier,Adda,Undirected,1,4,1
1105,Adda,Ciri,Undirected,1,4,1
1106,Jarre,Geralt,Undirected,1,4,1
1107,Ciri,Seven,Undirected,1,4,1
1108,Ciri,Little,Undirected,10,4,1
1109,Little,Ciri,Undirected,7,4,1
1110,Aen,Ciri,Undirected,2,4,1
1111,Calanthe,Paulie,Undirected,1,4,2
1112,Calanthe,Vilgefortz,Undirected,1,4,2
1113,Paulie,Vilgefortz,Undirected,1,4,2
1114,Vilgefortz,Triss,Undirected,1,4,2
1115,Little,Falka,Undirected,1,4,2
1116,Blue,Ciri,Undirected,6,4,1
1117,Ciri,Blue,Undirected,6,4,1
1118,Ciri,Two,Undirected,3,4,1
1119,Blue,Two,Undirected,11,4,2
1120,Two,Blue,Undirected,6,4,2
1121,Blue,Sir,Undirected,1,4,2
1122,Ciri,Sir,Undirected,1,4,1
1123,Sir,Blue,Undirected,1,4,2
1124,Ciri,Kayleigh,Undirected,14,4,1
1125,Kayleigh,Baron,Undirected,4,4,2
1126,Baron,Ciri,Undirected,2,4,1
1127,Baron,Kayleigh,Undirected,1,4,2
1128,Kayleigh,Ciri,Undirected,14,4,1
1129,Kayleigh,Iskra,Undirected,2,4,2
1130,Iskra,Ciri,Undirected,11,4,1
1131,Ciri,Mistle,Undirected,12,4,1
1132,Mistle,Little,Undirected,1,4,2
1133,Ciri,Iskra,Undirected,2,4,1
1134,Iskra,Kayleigh,Undirected,6,4,2
1135,Kayleigh,Mistle,Undirected,6,4,2
1136,Mistle,Ciri,Undirected,7,4,1
1137,Mistle,Iskra,Undirected,4,4,2
1138,Mistle,Kayleigh,Undirected,3,4,2
1139,Falka,Ciri,Undirected,2,4,1
1140,Ciri,Falka,Undirected,3,4,1
1141,Mistle,Falka,Undirected,1,4,2
1142,Falka,Mistle,Undirected,1,4,2
1143,Kayleigh,Emhyr,Undirected,1,4,2
1144,Emhyr,Kayleigh,Undirected,1,4,2
1145,Aen,Mistle,Undirected,1,4,2
1146,Aen,Rudiger,Undirected,1,4,2
1147,Mistle,Rudiger,Undirected,1,4,2
1148,Rudiger,Mistle,Undirected,1,4,2
1149,Mistle,Asse,Undirected,2,4,2
1150,Kayleigh,Asse,Undirected,1,4,2
1151,Milva,Forest,Undirected,1,5,2
1152,Forest,Milva,Undirected,1,5,2
1153,Maria,Milva,Undirected,6,5,2
1154,Codringher,Milva,Undirected,2,5,2
1155,Milva,Geralt,Undirected,51,5,1
1156,Milva,Maria,Undirected,4,5,2
1157,Geralt,Maria,Undirected,1,5,1
1158,Milva,Ori,Undirected,7,5,2
1159,Ori,Philippa,Undirected,4,5,1
1160,Philippa,Ori,Undirected,2,5,1
1161,Ori,Triss,Undirected,1,5,2
1162,Philippa,Triss,Undirected,3,5,1
1163,Yennefer,Artaud,Undirected,1,5,1
1164,Artaud,Yennefer,Undirected,1,5,1
1165,Artaud,Ori,Undirected,2,5,2
1166,Yennefer,Ori,Undirected,2,5,1
1167,Yennefer,Milva,Undirected,2,5,1
1168,Ori,Milva,Undirected,8,5,2
1169,Ori,Maria,Undirected,1,5,2
1170,Emhyr,Milva,Undirected,2,5,2
1171,Shilard,Francesca,Undirected,1,5,2
1172,Ori,Stefan,Undirected,1,5,2
1173,Philippa,Stefan,Undirected,1,5,1
1174,Philippa,Emhyr,Undirected,3,5,1
1175,Stefan,Emhyr,Undirected,1,5,2
1176,Milva,Little,Undirected,1,5,2
1177,Little,Aen,Undirected,1,5,2
1178,Little,Milva,Undirected,1,5,2
1179,Aen,Milva,Undirected,2,5,2
1180,Milva,Toruviel,Undirected,3,5,2
1181,Toruviel,Milva,Undirected,3,5,2
1182,Margarita,Philippa,Undirected,3,5,1
1183,Philippa,Keira,Undirected,2,5,1
1184,Keira,Triss,Undirected,3,5,2
1185,Keira,Philippa,Undirected,3,5,1
1186,Triss,Philippa,Undirected,5,5,1
1187,Philippa,Assire,Undirected,5,5,1
1188,Assire,Philippa,Undirected,8,5,1
1189,Philippa,Sabrina,Undirected,8,5,1
1190,Sabrina,Sheala,Undirected,1,5,2
1191,Sabrina,Francesca,Undirected,4,5,2
1192,Sheala,Francesca,Undirected,4,5,2
1193,Francesca,Philippa,Undirected,7,5,1
1194,Philippa,Margarita,Undirected,2,5,1
1195,Philippa,Francesca,Undirected,3,5,1
1196,Margarita,Francesca,Undirected,1,5,2
1197,Margarita,Assire,Undirected,2,5,2
1198,Francesca,Assire,Undirected,4,5,2
1199,Sabrina,Philippa,Undirected,5,5,1
1200,Sabrina,Emhyr,Undirected,2,5,2
1201,Francesca,Sabrina,Undirected,2,5,2
1202,Philippa,Sheala,Undirected,1,5,1
1203,Sheala,Philippa,Undirected,5,5,1
1204,Assire,Sabrina,Undirected,2,5,2
1205,Margarita,Sheala,Undirected,2,5,2
1206,Francesca,King,Undirected,1,5,2
1207,King,Francesca,Undirected,1,5,2
1208,King,Assire,Undirected,1,5,2
1209,King,Triss,Undirected,1,5,2
1210,Francesca,Triss,Undirected,2,5,2
1211,Francesca,Keira,Undirected,2,5,2
1212,Assire,Triss,Undirected,2,5,2
1213,Assire,Keira,Undirected,1,5,2
1214,Triss,Keira,Undirected,1,5,2
1215,Triss,Sabrina,Undirected,1,5,2
1216,Keira,Sabrina,Undirected,1,5,2
1217,Sabrina,Assire,Undirected,4,5,2
1218,Francesca,Emhyr,Undirected,1,5,2
1219,Assire,Emhyr,Undirected,2,5,2
1220,Sabrina,Margarita,Undirected,1,5,2
1221,Emhyr,Margarita,Undirected,1,5,2
1222,Emhyr,Sheala,Undirected,1,5,2
1223,Sheala,Assire,Undirected,1,5,2
1224,Assire,Francesca,Undirected,6,5,2
1225,Francesca,Sheala,Undirected,1,5,2
1226,Two,Mistle,Undirected,1,5,2
1227,Two,Falka,Undirected,1,5,2
1228,Mistle,Falka,Undirected,3,5,2
1229,Asse,Kayleigh,Undirected,1,5,2
1230,Asse,Little,Undirected,1,5,2
1231,Kayleigh,Little,Undirected,1,5,2
1232,Falka,Little,Undirected,1,5,2
1233,Dandelion,Geralt,Undirected,72,5,1
1234,Geralt,Dandelion,Undirected,70,5,1
1235,Dandelion,Roach,Undirected,3,5,1
1236,Roach,Dandelion,Undirected,3,5,1
1237,Dandelion,Riordain,Undirected,1,5,1
1238,Aen,Dandelion,Undirected,2,5,1
1239,Aen,Geralt,Undirected,1,5,1
1240,Geralt,Milva,Undirected,45,5,1
1241,Dandelion,Milva,Undirected,60,5,1
1242,Milva,Dandelion,Undirected,61,5,1
1243,Milva,Ciri,Undirected,15,5,1
1244,Geralt,Ciri,Undirected,5,5,1
1245,Dandelion,Ciri,Undirected,7,5,1
1246,Ciri,Milva,Undirected,13,5,1
1247,Milva,Emhyr,Undirected,1,5,2
1248,Emhyr,Ciri,Undirected,3,5,1
1249,Ciri,Geralt,Undirected,9,5,1
1250,Ciri,Emhyr,Undirected,1,5,1
1251,Geralt,Emhyr,Undirected,2,5,1
1252,Geralt,Roach,Undirected,2,5,1
1253,Milva,Roach,Undirected,4,5,2
1254,Dandelion,Zoltan,Undirected,29,5,1
1255,Milva,Zoltan,Undirected,34,5,2
1256,Milva,Field,Undirected,3,5,2
1257,Zoltan,Field,Undirected,8,5,2
1258,Field,Percival,Undirected,3,5,2
1259,Field,Zoltan,Undirected,5,5,2
1260,Percival,Zoltan,Undirected,18,5,2
1261,Geralt,Zoltan,Undirected,44,5,1
1262,Zoltan,Milva,Undirected,27,5,2
1263,Zoltan,Munro,Undirected,3,5,2
1264,Zoltan,Figgis,Undirected,1,5,2
1265,Munro,Figgis,Undirected,1,5,2
1266,Munro,Zoltan,Undirected,3,5,2
1267,Figgis,Zoltan,Undirected,1,5,2
1268,Figgis,Geralt,Undirected,2,5,1
1269,Figgis,Dandelion,Undirected,1,5,1
1270,Zoltan,Geralt,Undirected,33,5,1
1271,Zoltan,Dandelion,Undirected,27,5,1
1272,Dandelion,Figgis,Undirected,2,5,1
1273,Figgis,Milva,Undirected,3,5,2
1274,Milva,Percival,Undirected,10,5,2
1275,Percival,Geralt,Undirected,14,5,1
1276,Munro,Geralt,Undirected,2,5,1
1277,Geralt,Field,Undirected,6,5,1
1278,Field,Milva,Undirected,3,5,2
1279,Zoltan,Percival,Undirected,25,5,2
1280,Ciri,Dandelion,Undirected,7,5,1
1281,Maria,Zoltan,Undirected,1,5,2
1282,Geralt,Percival,Undirected,8,5,1
1283,Munro,Percival,Undirected,1,5,2
1284,Percival,Milva,Undirected,4,5,2
1285,Cahir,Zoltan,Undirected,2,5,2
1286,Zoltan,Ciri,Undirected,4,5,1
1287,Geralt,Cahir,Undirected,11,5,1
1288,Philippa,Zoltan,Undirected,1,5,1
1289,Zoltan,King,Undirected,1,5,2
1290,King,Percival,Undirected,1,5,2
1291,Dandelion,Field,Undirected,3,5,1
1292,Field,Two,Undirected,1,5,2
1293,Two,Zoltan,Undirected,3,5,2
1294,Dandelion,Percival,Undirected,14,5,1
1295,Percival,Figgis,Undirected,1,5,2
1296,Field,Geralt,Undirected,4,5,1
1297,Emiel,Zoltan,Undirected,3,5,2
1298,Emiel,Geralt,Undirected,3,5,1
1299,Zoltan,Emiel,Undirected,2,5,2
1300,Geralt,Sir,Undirected,2,5,1
1301,Sir,Zoltan,Undirected,2,5,2
1302,Zoltan,Sir,Undirected,1,5,2
1303,Percival,Dandelion,Undirected,4,5,1
1304,Yennefer,Dandelion,Undirected,3,5,1
1305,Yennefer,Geralt,Undirected,7,5,1
1306,Zoltan,Two,Undirected,2,5,2
1307,Geralt,Two,Undirected,2,5,1
1308,Two,Percival,Undirected,1,5,2
1309,Zoltan,Brouver,Undirected,1,5,2
1310,Percival,King,Undirected,1,5,2
1311,King,Brouver,Undirected,1,5,2
1312,Dandelion,Count,Undirected,5,5,1
1313,Ciri,Count,Undirected,2,5,1
1314,Falka,Ciri,Undirected,5,5,1
1315,Ciri,Falka,Undirected,1,5,1
1316,Falka,Kayleigh,Undirected,1,5,2
1317,Ciri,Kayleigh,Undirected,3,5,1
1318,Kayleigh,Ciri,Undirected,1,5,1
1319,Emiel,Percival,Undirected,1,5,2
1320,Geralt,Emiel,Undirected,2,5,1
1321,Munro,Dandelion,Undirected,1,5,1
1322,Munro,Milva,Undirected,2,5,2
1323,Two,Dandelion,Undirected,1,5,1
1324,Dandelion,Munro,Undirected,1,5,1
1325,Percival,Sir,Undirected,2,5,2
1326,Geralt,Count,Undirected,4,5,1
1327,Count,Dandelion,Undirected,4,5,1
1328,Field,Sir,Undirected,1,5,2
1329,Sir,Percival,Undirected,1,5,2
1330,Geralt,Kayleigh,Undirected,1,5,1
1331,Mistle,Ciri,Undirected,5,5,1
1332,Dandelion,Aubry,Undirected,1,5,1
1333,Dandelion,Sir,Undirected,4,5,1
1334,Aubry,Sir,Undirected,2,5,2
1335,Aubry,Geralt,Undirected,1,5,1
1336,Aubry,Dandelion,Undirected,1,5,1
1337,Sir,Geralt,Undirected,3,5,1
1338,Sir,Dandelion,Undirected,3,5,1
1339,Dandelion,Emhyr,Undirected,2,5,1
1340,Daniel,Dandelion,Undirected,1,5,1
1341,Count,Foltest,Undirected,1,5,1
1342,Count,Geralt,Undirected,2,5,1
1343,Foltest,Geralt,Undirected,1,5,1
1344,Foltest,Count,Undirected,1,5,1
1345,Calanthe,Pavetta,Undirected,1,5,2
1346,Calanthe,Geralt,Undirected,1,5,1
1347,Pavetta,Geralt,Undirected,1,5,1
1348,Count,Daniel,Undirected,1,5,2
1349,Dandelion,Daniel,Undirected,1,5,1
1350,Dandelion,Calanthe,Undirected,1,5,1
1351,Daniel,Calanthe,Undirected,1,5,2
1352,Daniel,Emhyr,Undirected,1,5,2
1353,Calanthe,Emhyr,Undirected,1,5,2
1354,Emhyr,Calanthe,Undirected,2,5,2
1355,Vissegerd,Foltest,Undirected,2,5,1
1356,Vissegerd,Daniel,Undirected,1,5,2
1357,Foltest,Daniel,Undirected,1,5,1
1358,Foltest,Vissegerd,Undirected,1,5,1
1359,Daniel,Vissegerd,Undirected,1,5,2
1360,Vissegerd,Geralt,Undirected,8,5,1
1361,Geralt,Vissegerd,Undirected,7,5,1
1362,Dandelion,Vissegerd,Undirected,9,5,1
1363,Vissegerd,Count,Undirected,4,5,2
1364,Count,Vissegerd,Undirected,3,5,2
1365,Count,Sir,Undirected,3,5,2
1366,Vissegerd,Sir,Undirected,2,5,2
1367,Sir,Vissegerd,Undirected,1,5,2
1368,Vreemde,Morteisen,Undirected,1,5,2
1369,Cahir,Dandelion,Undirected,12,5,1
1370,Sir,Demavend,Undirected,1,5,2
1371,Demavend,Vilgefortz,Undirected,1,5,2
1372,Demavend,Rience,Undirected,1,5,2
1373,Vilgefortz,Rience,Undirected,1,5,2
1374,Vattier,Francesca,Undirected,1,5,2
1375,Francesca,Cahir,Undirected,1,5,2
1376,Cahir,Rience,Undirected,2,5,2
1377,Stefan,Vattier,Undirected,1,5,2
1378,Stefan,Milva,Undirected,1,5,2
1379,Vattier,Milva,Undirected,1,5,2
1380,Ciri,Beau,Undirected,2,5,1
1381,Ciri,Cahir,Undirected,5,5,1
1382,Beau,Cahir,Undirected,1,5,2
1383,Cahir,Milva,Undirected,18,5,2
1384,Cahir,Ciri,Undirected,3,5,1
1385,Milva,Fringilla,Undirected,1,5,2
1386,Milva,Assire,Undirected,1,5,2
1387,Ciri,Fringilla,Undirected,5,5,1
1388,Ciri,Assire,Undirected,2,5,1
1389,Fringilla,Assire,Undirected,5,5,2
1390,Fringilla,Merlin,Undirected,1,5,2
1391,Assire,Merlin,Undirected,1,5,2
1392,Merlin,Assire,Undirected,2,5,2
1393,Merlin,Fringilla,Undirected,1,5,2
1394,Assire,Fringilla,Undirected,9,5,2
1395,Assire,King,Undirected,1,5,2
1396,Assire,Albrich,Undirected,1,5,2
1397,King,Albrich,Undirected,1,5,2
1398,Albrich,Assire,Undirected,1,5,2
1399,Assire,Xarthisius,Undirected,2,5,2
1400,Stella,Assire,Undirected,1,5,2
1401,Stella,Emhyr,Undirected,1,5,2
1402,Emhyr,Fringilla,Undirected,1,5,2
1403,Emhyr,Xarthisius,Undirected,1,5,2
1404,Fringilla,Xarthisius,Undirected,1,5,2
1405,Fringilla,Emhyr,Undirected,1,5,2
1406,Xarthisius,Emhyr,Undirected,1,5,2
1407,Emhyr,Cahir,Undirected,4,5,2
1408,Cahir,Emhyr,Undirected,3,5,2
1409,Emhyr,Assire,Undirected,3,5,2
1410,Cahir,Assire,Undirected,2,5,2
1411,Assire,Cahir,Undirected,1,5,2
1412,Cahir,Fringilla,Undirected,1,5,2
1413,Cahir,Seven,Undirected,2,5,2
1414,Milva,Cahir,Undirected,19,5,2
1415,Milva,Seven,Undirected,1,5,2
1416,Seven,Milva,Undirected,4,5,2
1417,Vissegerd,Dandelion,Undirected,3,5,1
1418,Dandelion,Gar,Undirected,1,5,1
1419,Vissegerd,Gar,Undirected,1,5,2
1420,Gar,Geralt,Undirected,1,5,1
1421,Gar,Vissegerd,Undirected,1,5,2
1422,Geralt,Yennefer,Undirected,4,5,1
1423,Dandelion,Seven,Undirected,3,5,1
1424,Geralt,Seven,Undirected,3,5,1
1425,Seven,Dandelion,Undirected,2,5,1
1426,Seven,Cahir,Undirected,1,5,2
1427,Dandelion,Cahir,Undirected,21,5,1
1428,Philippa,Dandelion,Undirected,1,5,1
1429,Milva,Emiel,Undirected,1,5,2
1430,Cahir,Geralt,Undirected,25,5,1
1431,Kayleigh,Mistle,Undirected,1,5,2
1432,Mistle,Kayleigh,Undirected,1,5,2
1433,Falka,Mistle,Undirected,3,5,2
1434,Mistle,Cahir,Undirected,1,5,2
1435,Milva,Yennefer,Undirected,1,5,1
1436,Dandelion,Yennefer,Undirected,1,5,1
1437,Ciri,Mistle,Undirected,4,5,1
1438,Vattier,Ida,Undirected,1,5,2
1439,Ida,Francesca,Undirected,1,5,2
1440,Ida,Henselt,Undirected,1,5,2
1441,Francesca,Henselt,Undirected,1,5,2
1442,Francesca,Ida,Undirected,1,5,2
1443,Philippa,Ida,Undirected,4,5,1
1444,Margarita,Sabrina,Undirected,3,5,2
1445,Margarita,Ida,Undirected,1,5,2
1446,Margarita,Ithlinne,Undirected,1,5,2
1447,Philippa,Ithlinne,Undirected,1,5,1
1448,Sabrina,Ida,Undirected,2,5,2
1449,Sabrina,Ithlinne,Undirected,1,5,2
1450,Ida,Ithlinne,Undirected,1,5,2
1451,Ithlinne,Francesca,Undirected,1,5,2
1452,Francesca,Yennefer,Undirected,6,5,1
1453,Yennefer,Francesca,Undirected,10,5,1
1454,Yennefer,Gar,Undirected,2,5,1
1455,Francesca,Gar,Undirected,1,5,2
1456,Francesca,Ciri,Undirected,2,5,1
1457,Gar,Ciri,Undirected,1,5,1
1458,Gar,Yennefer,Undirected,1,5,1
1459,Ciri,Yennefer,Undirected,10,5,1
1460,Ciri,Francesca,Undirected,3,5,1
1461,Yennefer,Vilgefortz,Undirected,2,5,1
1462,Yennefer,Tissaia,Undirected,1,5,1
1463,Francesca,Vilgefortz,Undirected,1,5,2
1464,Francesca,Tissaia,Undirected,1,5,2
1465,Vilgefortz,Tissaia,Undirected,1,5,2
1466,Vilgefortz,Francesca,Undirected,1,5,2
1467,Tissaia,Francesca,Undirected,1,5,2
1468,Geralt,Francesca,Undirected,1,5,1
1469,Keira,Ciri,Undirected,1,5,1
1470,Ciri,Vilgefortz,Undirected,4,5,1
1471,Vilgefortz,Yennefer,Undirected,4,5,1
1472,Yennefer,Triss,Undirected,4,5,1
1473,Yennefer,Philippa,Undirected,7,5,1
1474,Yennefer,Ciri,Undirected,7,5,1
1475,Ciri,Philippa,Undirected,1,5,1
1476,Philippa,Ciri,Undirected,3,5,1
1477,Fringilla,Philippa,Undirected,7,5,1
1478,Philippa,Fringilla,Undirected,6,5,1
1479,Fringilla,Triss,Undirected,2,5,2
1480,Sabrina,Fringilla,Undirected,2,5,2
1481,Fringilla,Sabrina,Undirected,1,5,2
1482,Fringilla,Keira,Undirected,1,5,2
1483,Sabrina,Keira,Undirected,1,5,2
1484,Sabrina,Triss,Undirected,2,5,2
1485,Yennefer,Keira,Undirected,1,5,1
1486,Keira,Fringilla,Undirected,1,5,2
1487,Keira,Ida,Undirected,1,5,2
1488,Triss,Fringilla,Undirected,1,5,2
1489,Triss,Ida,Undirected,1,5,2
1490,Triss,Blue,Undirected,1,5,2
1491,Philippa,Blue,Undirected,1,5,1
1492,Philippa,Aen,Undirected,1,5,1
1493,Fringilla,Ida,Undirected,2,5,2
1494,Fringilla,Blue,Undirected,1,5,2
1495,Fringilla,Aen,Undirected,2,5,2
1496,Ida,Blue,Undirected,1,5,2
1497,Ida,Aen,Undirected,2,5,2
1498,Blue,Aen,Undirected,2,5,2
1499,Blue,Ida,Undirected,1,5,2
1500,Aen,Ida,Undirected,2,5,2
1501,Aen,Fringilla,Undirected,1,5,2
1502,Ida,Fringilla,Undirected,1,5,2
1503,Fringilla,Yennefer,Undirected,8,5,1
1504,Yennefer,Fringilla,Undirected,12,5,1
1505,Philippa,Yennefer,Undirected,4,5,1
1506,Ciri,Iskra,Undirected,3,5,1
1507,Iskra,Ciri,Undirected,1,5,1
1508,Ciri,Asse,Undirected,1,5,1
1509,Asse,Ciri,Undirected,1,5,1
1510,Iskra,Kayleigh,Undirected,1,5,2
1511,Baron,Philippa,Undirected,1,5,1
1512,Fringilla,Ciri,Undirected,1,5,1
1513,Assire,Ciri,Undirected,1,5,1
1514,Assire,Yennefer,Undirected,5,5,1
1515,Yennefer,Assire,Undirected,4,5,1
1516,Triss,Assire,Undirected,1,5,2
1517,Assire,Rience,Undirected,1,5,2
1518,Rience,Ciri,Undirected,1,5,1
1519,Tissaia,Ida,Undirected,1,5,2
1520,Ida,Sabrina,Undirected,1,5,2
1521,Ida,Assire,Undirected,1,5,2
1522,Ida,Philippa,Undirected,1,5,1
1523,Keira,Francesca,Undirected,1,5,2
1524,Francesca,Falka,Undirected,3,5,2
1525,Falka,Sabrina,Undirected,1,5,2
1526,Falka,Assire,Undirected,1,5,2
1527,Falka,Francesca,Undirected,1,5,2
1528,Sabrina,Falka,Undirected,1,5,2
1529,Assire,Falka,Undirected,2,5,2
1530,Falka,Yennefer,Undirected,1,5,1
1531,Philippa,Falka,Undirected,2,5,1
1532,Falka,Anna,Undirected,1,5,2
1533,Ciri,Anna,Undirected,1,5,1
1534,Anna,Beau,Undirected,1,5,2
1535,Anna,Francesca,Undirected,1,5,2
1536,Beau,Francesca,Undirected,1,5,2
1537,Sabrina,Adalia,Undirected,1,5,2
1538,Adalia,Assire,Undirected,2,5,2
1539,Francesca,Adalia,Undirected,1,5,2
1540,Assire,Adalia,Undirected,2,5,2
1541,Adalia,Yennefer,Undirected,2,5,1
1542,Adalia,Calanthe,Undirected,1,5,2
1543,Adalia,Margarita,Undirected,1,5,2
1544,Adalia,Anna,Undirected,1,5,2
1545,Calanthe,Margarita,Undirected,1,5,2
1546,Calanthe,Anna,Undirected,1,5,2
1547,Margarita,Anna,Undirected,1,5,2
1548,Anna,Assire,Undirected,1,5,2
1549,Geralt,Fringilla,Undirected,1,5,1
1550,Ciri,Sabrina,Undirected,4,5,1
1551,Triss,Emhyr,Undirected,1,5,2
1552,Emhyr,Keira,Undirected,2,5,2
1553,Emhyr,Yennefer,Undirected,1,5,1
1554,Triss,Yennefer,Undirected,3,5,1
1555,Vilgefortz,Sir,Undirected,3,5,2
1556,Vilgefortz,Ida,Undirected,2,5,2
1557,Ida,Yennefer,Undirected,1,5,1
1558,Ida,Margarita,Undirected,1,5,2
1559,Ida,Ciri,Undirected,2,5,1
1560,Yennefer,Margarita,Undirected,1,5,1
1561,Yennefer,Sabrina,Undirected,2,5,1
1562,Margarita,Ciri,Undirected,2,5,1
1563,Margarita,Vilgefortz,Undirected,1,5,2
1564,Sabrina,Vilgefortz,Undirected,1,5,2
1565,Triss,Geralt,Undirected,1,5,1
1566,Sabrina,Yennefer,Undirected,1,5,1
1567,Sabrina,Ciri,Undirected,1,5,1
1568,Fringilla,Two,Undirected,1,5,2
1569,Two,Seven,Undirected,1,5,2
1570,Two,Connor,Undirected,1,5,2
1571,Seven,Connor,Undirected,1,5,2
1572,Vilgefortz,Ciri,Undirected,1,5,1
1573,Geralt,Forest,Undirected,1,5,1
1574,Emiel,Roach,Undirected,1,5,2
1575,Roach,Cahir,Undirected,1,5,2
1576,Geralt,Blue,Undirected,1,5,1
1577,Milva,Blue,Undirected,1,5,2
1578,Blue,Cahir,Undirected,2,5,2
1579,Blue,Milva,Undirected,1,5,2
1580,King,Dandelion,Undirected,1,5,1
1581,Geralt,Ethain,Undirected,1,5,1
1582,Ethain,Cahir,Undirected,2,5,2
1583,Ethain,Dandelion,Undirected,1,5,1
1584,Ciri,Zoltan,Undirected,2,5,1
1585,Cahir,Vissegerd,Undirected,1,5,2
1586,Geralt,Vesemir,Undirected,1,5,1
1587,Geralt,Dyffryn,Undirected,1,5,1
1588,Vesemir,Dandelion,Undirected,1,5,1
1589,Vesemir,Cahir,Undirected,1,5,1
1590,Vesemir,Dyffryn,Undirected,1,5,1
1591,Dandelion,Dyffryn,Undirected,1,5,1
1592,Cahir,Dyffryn,Undirected,1,5,2
1593,Dyffryn,Dandelion,Undirected,1,5,1
1594,Cahir,Roach,Undirected,1,5,2
1595,Cahir,Two,Undirected,1,5,2
1596,Roach,Milva,Undirected,1,5,2
1597,Meve,Geralt,Undirected,5,5,1
1598,Geralt,Meve,Undirected,3,5,1
1599,Meve,Milva,Undirected,1,5,2
1600,Milva,Meve,Undirected,1,5,2
1601,Zuleyka,Philippa,Undirected,2,6,1
1602,Zuleyka,Vesemir,Undirected,1,6,1
1603,Philippa,Vesemir,Undirected,1,6,1
1604,Philippa,Sigrdrifa,Undirected,1,6,1
1605,Vesemir,Sigrdrifa,Undirected,1,6,1
1606,Vesemir,Zyvik,Undirected,1,6,1
1607,Sigrdrifa,Zyvik,Undirected,1,6,2
1608,Jarre,Triss,Undirected,2,6,2
1609,Nenneke,Triss,Undirected,3,6,2
1610,Nenneke,Jarre,Undirected,2,6,2
1611,Triss,Jarre,Undirected,1,6,2
1612,Stefan,Ciri,Undirected,1,6,1
1613,Vysogota,Ciri,Undirected,20,6,1
1614,Ciri,Vysogota,Undirected,14,6,1
1615,Vysogota,Kelpie,Undirected,2,6,2
1616,Kelpie,Ciri,Undirected,10,6,1
1617,Ciri,Kelpie,Undirected,8,6,1
1618,Aen,Ciri,Undirected,1,6,1
1619,Asse,Falka,Undirected,2,6,2
1620,Falka,Asse,Undirected,1,6,2
1621,Kayleigh,Falka,Undirected,2,6,2
1622,Emhyr,Mistle,Undirected,3,6,2
1623,Mistle,Falka,Undirected,1,6,2
1624,Falka,Kayleigh,Undirected,1,6,2
1625,Falka,Ciri,Undirected,6,6,1
1626,Falka,Baron,Undirected,4,6,2
1627,Ciri,Baron,Undirected,5,6,1
1628,Baron,Ciri,Undirected,2,6,1
1629,Ciri,Falka,Undirected,7,6,1
1630,Baron,Asse,Undirected,1,6,2
1631,Mistle,Ciri,Undirected,11,6,1
1632,Mistle,Asse,Undirected,1,6,2
1633,Ciri,Asse,Undirected,1,6,1
1634,Kayleigh,Mistle,Undirected,3,6,2
1635,Kayleigh,Asse,Undirected,2,6,2
1636,Ciri,Mistle,Undirected,12,6,1
1637,Kayleigh,Emhyr,Undirected,1,6,2
1638,Emhyr,Ciri,Undirected,4,6,1
1639,Ciri,Calanthe,Undirected,2,6,1
1640,Calanthe,Ciri,Undirected,8,6,1
1641,Calanthe,Falka,Undirected,1,6,2
1642,Ciri,Emhyr,Undirected,6,6,1
1643,Falka,Emhyr,Undirected,1,6,2
1644,Asse,Kayleigh,Undirected,1,6,2
1645,Baron,Vysogota,Undirected,1,6,2
1646,Falka,Mistle,Undirected,2,6,2
1647,Yennefer,Ciri,Undirected,16,6,1
1648,Mistle,Vysogota,Undirected,1,6,2
1649,Mistle,Kayleigh,Undirected,2,6,2
1650,Milva,Geralt,Undirected,11,6,1
1651,Geralt,Meve,Undirected,5,6,1
1652,Meve,Geralt,Undirected,3,6,1
1653,Geralt,Milva,Undirected,17,6,1
1654,Milva,Meve,Undirected,1,6,2
1655,Ciri,Meve,Undirected,1,6,1
1656,Meve,Milva,Undirected,3,6,2
1657,Milva,Cahir,Undirected,5,6,2
1658,Cahir,Geralt,Undirected,25,6,1
1659,Milva,Roach,Undirected,2,6,2
1660,Roach,Milva,Undirected,1,6,2
1661,Geralt,King,Undirected,1,6,1
1662,Geralt,Ciri,Undirected,7,6,1
1663,Ciri,Geralt,Undirected,10,6,1
1664,Geralt,Forest,Undirected,2,6,1
1665,Geralt,Yennefer,Undirected,4,6,1
1666,Yennefer,Triss,Undirected,2,6,1
1667,Yennefer,Crach,Undirected,11,6,1
1668,Dandelion,Ciri,Undirected,2,6,1
1669,Milva,Dandelion,Undirected,11,6,1
1670,Cahir,Dandelion,Undirected,5,6,1
1671,Geralt,Dandelion,Undirected,11,6,1
1672,Dandelion,Cahir,Undirected,3,6,1
1673,Dandelion,Count,Undirected,1,6,1
1674,Count,Dandelion,Undirected,1,6,1
1675,Milva,Ciri,Undirected,1,6,1
1676,Ciri,Dandelion,Undirected,1,6,1
1677,Ciri,Milva,Undirected,1,6,1
1678,Dandelion,Milva,Undirected,4,6,1
1679,Ciri,Cahir,Undirected,7,6,1
1680,Calanthe,Cahir,Undirected,1,6,2
1681,Vattier,Emhyr,Undirected,2,6,2
1682,Vattier,Cahir,Undirected,2,6,2
1683,Vattier,Ceallach,Undirected,2,6,2
1684,Cahir,Ceallach,Undirected,1,6,2
1685,Cahir,Vattier,Undirected,2,6,2
1686,Ceallach,Vattier,Undirected,1,6,2
1687,Vattier,Vilgefortz,Undirected,3,6,2
1688,Vattier,Rience,Undirected,5,6,2
1689,Rience,Vilgefortz,Undirected,12,6,2
1690,Vilgefortz,Vattier,Undirected,2,6,2
1691,Vilgefortz,Rience,Undirected,9,6,2
1692,Rience,Vattier,Undirected,8,6,2
1693,Ceallach,Rience,Undirected,2,6,2
1694,Ceallach,Meve,Undirected,1,6,2
1695,Meve,Rience,Undirected,1,6,2
1696,Meve,Cahir,Undirected,1,6,2
1697,Rience,Cahir,Undirected,1,6,2
1698,Vattier,Stefan,Undirected,3,6,2
1699,Rience,Stefan,Undirected,1,6,2
1700,Vattier,Carthia,Undirected,2,6,2
1701,Emhyr,Vattier,Undirected,2,6,2
1702,Stefan,Rience,Undirected,3,6,2
1703,Stefan,Vattier,Undirected,1,6,2
1704,Carthia,Vattier,Undirected,1,6,2
1705,Cahir,Forest,Undirected,1,6,2
1706,Cahir,Ciri,Undirected,5,6,1
1707,Forest,Ciri,Undirected,1,6,1
1708,Forest,Geralt,Undirected,1,6,1
1709,Geralt,Cahir,Undirected,24,6,1
1710,Dandelion,Geralt,Undirected,6,6,1
1711,Falka,Joanna,Undirected,1,6,2
1712,Baron,Falka,Undirected,4,6,2
1713,Kelpie,Vysogota,Undirected,1,6,2
1714,Kelpie,Baron,Undirected,1,6,2
1715,Emhyr,Leo,Undirected,1,6,2
1716,Leo,Ciri,Undirected,3,6,1
1717,Ciri,Windsor,Undirected,2,6,1
1718,Ciri,Leo,Undirected,1,6,1
1719,Windsor,Baron,Undirected,2,6,2
1720,Windsor,Ciri,Undirected,4,6,1
1721,Leo,Falka,Undirected,1,6,2
1722,Baron,Windsor,Undirected,2,6,2
1723,Windsor,Leo,Undirected,1,6,2
1724,Falka,Windsor,Undirected,2,6,2
1725,Windsor,Falka,Undirected,1,6,2
1726,Stavro,Baron,Undirected,3,6,2
1727,Stavro,Ciri,Undirected,6,6,1
1728,Ciri,Stavro,Undirected,3,6,1
1729,Little,Stavro,Undirected,1,6,2
1730,Stavro,Falka,Undirected,1,6,2
1731,Windsor,Stavro,Undirected,1,6,2
1732,Cahir,Milva,Undirected,7,6,2
1733,Beau,Geralt,Undirected,3,6,1
1734,Dandelion,Vissegerd,Undirected,3,6,1
1735,Vissegerd,Meve,Undirected,1,6,2
1736,Cahir,Beau,Undirected,1,6,2
1737,Beau,Ciri,Undirected,1,6,1
1738,Emhyr,Cahir,Undirected,1,6,2
1739,Emhyr,Geralt,Undirected,2,6,1
1740,Two,Cahir,Undirected,1,6,2
1741,Yennefer,Vysogota,Undirected,1,6,1
1742,Geralt,Vysogota,Undirected,1,6,1
1743,Geralt,Golan,Undirected,1,6,1
1744,Golan,Geralt,Undirected,1,6,1
1745,Two,Geralt,Undirected,3,6,1
1746,Geralt,Beau,Undirected,2,6,1
1747,Sword,Geralt,Undirected,1,6,1
1748,Codringher,Geralt,Undirected,1,6,1
1749,Geralt,Codringher,Undirected,1,6,1
1750,Geralt,Vilgefortz,Undirected,1,6,1
1751,Codringher,Vilgefortz,Undirected,1,6,2
1752,Cahir,Two,Undirected,1,6,2
1753,Geralt,Emiel,Undirected,1,6,1
1754,Geralt,Aen,Undirected,1,6,1
1755,Aen,Ithlinne,Undirected,1,6,2
1756,Geralt,Ithlinne,Undirected,1,6,1
1757,Geralt,Julia,Undirected,1,6,1
1758,Julia,Baron,Undirected,2,6,2
1759,Julia,Two,Undirected,1,6,2
1760,Baron,Two,Undirected,1,6,2
1761,Baron,Dandelion,Undirected,1,6,1
1762,Baron,Julia,Undirected,1,6,2
1763,Dandelion,Julia,Undirected,3,6,1
1764,Julia,Beau,Undirected,1,6,2
1765,Beau,Baron,Undirected,1,6,2
1766,Geralt,Baron,Undirected,3,6,1
1767,Baron,Anna,Undirected,1,6,2
1768,Anna,Geralt,Undirected,1,6,1
1769,Milva,Beau,Undirected,1,6,2
1770,Dandelion,Beau,Undirected,1,6,1
1771,Beau,Julia,Undirected,1,6,2
1772,Julia,Geralt,Undirected,1,6,1
1773,Baron,Beau,Undirected,1,6,2
1774,Milva,Emiel,Undirected,1,6,2
1775,Emiel,Geralt,Undirected,1,6,1
1776,Count,Radovid,Undirected,3,6,2
1777,Radovid,Count,Undirected,1,6,2
1778,Radovid,King,Undirected,3,6,2
1779,Baron,Count,Undirected,1,6,2
1780,Esterad,Zuleyka,Undirected,8,6,2
1781,Esterad,King,Undirected,4,6,2
1782,King,Zuleyka,Undirected,3,6,2
1783,King,Philippa,Undirected,1,6,1
1784,King,Esterad,Undirected,3,6,2
1785,King,Blue,Undirected,1,6,2
1786,Blue,Esterad,Undirected,1,6,2
1787,Emhyr,King,Undirected,1,6,2
1788,King,Demavend,Undirected,1,6,2
1789,King,Henselt,Undirected,1,6,2
1790,King,Emhyr,Undirected,2,6,2
1791,Demavend,Henselt,Undirected,1,6,2
1792,Demavend,King,Undirected,1,6,2
1793,Demavend,Emhyr,Undirected,1,6,2
1794,Demavend,Foltest,Undirected,1,6,1
1795,Henselt,King,Undirected,1,6,2
1796,Henselt,Emhyr,Undirected,1,6,2
1797,Henselt,Foltest,Undirected,1,6,1
1798,King,Foltest,Undirected,2,6,1
1799,Emhyr,Foltest,Undirected,4,6,1
1800,Carthia,Assire,Undirected,1,6,2
1801,Assire,Vattier,Undirected,3,6,2
1802,Vattier,Assire,Undirected,5,6,2
1803,Assire,Menno,Undirected,1,6,2
1804,Menno,Assire,Undirected,1,6,2
1805,Assire,Carthia,Undirected,3,6,2
1806,Assire,Emhyr,Undirected,1,6,2
1807,Assire,Fringilla,Undirected,2,6,2
1808,Fringilla,Assire,Undirected,2,6,2
1809,Assire,Philippa,Undirected,3,6,1
1810,Philippa,Assire,Undirected,2,6,1
1811,Fergus,Emhyr,Undirected,1,6,2
1812,Emhyr,Esterad,Undirected,3,6,2
1813,Foltest,Esterad,Undirected,1,6,1
1814,Zuleyka,Esterad,Undirected,5,6,2
1815,Esterad,Ciri,Undirected,1,6,1
1816,Esterad,Emhyr,Undirected,1,6,2
1817,Zuleyka,Lebioda,Undirected,4,6,2
1818,Lebioda,Emhyr,Undirected,1,6,2
1819,Emhyr,Zuleyka,Undirected,1,6,2
1820,Jacob,Esterad,Undirected,1,6,2
1821,Lebioda,Esterad,Undirected,2,6,2
1822,Lebioda,Zuleyka,Undirected,2,6,2
1823,Esterad,Lebioda,Undirected,1,6,2
1824,Lebioda,King,Undirected,1,6,2
1825,Duke,Esterad,Undirected,3,6,2
1826,Esterad,Duke,Undirected,2,6,2
1827,Julia,Zuleyka,Undirected,1,6,2
1828,Zuleyka,Duke,Undirected,1,6,2
1829,Zuleyka,King,Undirected,1,6,2
1830,King,Baron,Undirected,1,6,2
1831,Ciri,Zuleyka,Undirected,1,6,1
1832,Esterad,Ithlinne,Undirected,1,6,2
1833,Vilgefortz,Yennefer,Undirected,3,6,1
1834,Yennefer,Vilgefortz,Undirected,7,6,1
1835,Vilgefortz,Philippa,Undirected,2,6,1
1836,Two,Yennefer,Undirected,1,6,1
1837,Crach,Ciri,Undirected,5,6,1
1838,Ciri,Crach,Undirected,6,6,1
1839,Fringilla,Philippa,Undirected,1,6,1
1840,Philippa,Crach,Undirected,1,6,1
1841,Crach,Yennefer,Undirected,10,6,1
1842,Crach,Calanthe,Undirected,1,6,2
1843,Yennefer,Calanthe,Undirected,1,6,1
1844,Ciri,Yennefer,Undirected,10,6,1
1845,Crach,Pavetta,Undirected,2,6,2
1846,Ciri,Pavetta,Undirected,2,6,1
1847,Pavetta,Yennefer,Undirected,2,6,1
1848,Pavetta,Geralt,Undirected,1,6,1
1849,Pavetta,Crach,Undirected,2,6,2
1850,Yennefer,Geralt,Undirected,3,6,1
1851,Geralt,Crach,Undirected,1,6,1
1852,Sigrdrifa,Crach,Undirected,1,6,2
1853,Sigrdrifa,Yennefer,Undirected,6,6,1
1854,Yennefer,Sigrdrifa,Undirected,7,6,1
1855,Sigrdrifa,Ciri,Undirected,4,6,1
1856,Ciri,Sigrdrifa,Undirected,1,6,1
1857,Geralt,Fringilla,Undirected,1,6,1
1858,Emhyr,Vissegerd,Undirected,1,6,2
1859,Ciri,Vissegerd,Undirected,1,6,1
1860,Triss,Crach,Undirected,5,6,2
1861,Crach,Philippa,Undirected,2,6,1
1862,Triss,Yennefer,Undirected,3,6,1
1863,Triss,Ciri,Undirected,5,6,1
1864,Crach,Sigrdrifa,Undirected,1,6,2
1865,Sigrdrifa,Vilgefortz,Undirected,1,6,2
1866,Vilgefortz,Crach,Undirected,1,6,2
1867,Crach,Triss,Undirected,1,6,2
1868,Ciri,Triss,Undirected,3,6,1
1869,Ciri,Vilgefortz,Undirected,3,6,1
1870,Vysogota,Asse,Undirected,2,6,2
1871,Asse,Kelpie,Undirected,2,6,2
1872,Vissegerd,Geralt,Undirected,1,6,1
1873,Vissegerd,Dandelion,Undirected,1,6,1
1874,Geralt,Vissegerd,Undirected,1,6,1
1875,Vissegerd,Ciri,Undirected,1,6,1
1876,Yennefer,Hjalmar,Undirected,3,6,1
1877,Crach,Hjalmar,Undirected,3,6,2
1878,Yennefer,Pavetta,Undirected,1,6,1
1879,Hjalmar,Ciri,Undirected,1,6,1
1880,Hjalmar,Pavetta,Undirected,1,6,2
1881,Calanthe,Radovid,Undirected,1,6,2
1882,Calanthe,Hjalmar,Undirected,2,6,2
1883,Ciri,Radovid,Undirected,1,6,1
1884,Ciri,Hjalmar,Undirected,2,6,1
1885,Radovid,Calanthe,Undirected,1,6,2
1886,Radovid,Ciri,Undirected,1,6,1
1887,Radovid,Hjalmar,Undirected,1,6,2
1888,Hjalmar,Crach,Undirected,4,6,2
1889,Hjalmar,Yennefer,Undirected,1,6,1
1890,Yennefer,Philippa,Undirected,2,6,1
1891,Philippa,Yennefer,Undirected,2,6,1
1892,Philippa,Ciri,Undirected,3,6,1
1893,Philippa,Vilgefortz,Undirected,1,6,1
1894,Triss,Geralt,Undirected,1,6,1
1895,Crach,Two,Undirected,1,6,2
1896,Joanna,Stefan,Undirected,1,6,2
1897,Yennefer,Rience,Undirected,3,6,1
1898,Rience,Ciri,Undirected,2,6,1
1899,Ciri,Rience,Undirected,3,6,1
1900,Vysogota,Rience,Undirected,1,6,2
1901,Rience,Vysogota,Undirected,1,6,2
1902,Rience,Falka,Undirected,2,6,2
1903,Rience,Emhyr,Undirected,1,6,2
1904,Vilgefortz,Sir,Undirected,2,6,2
1905,Vilgefortz,Ithlinne,Undirected,1,6,2
1906,Sir,Ithlinne,Undirected,1,6,2
1907,Vilgefortz,Ardal,Undirected,1,6,2
1908,Ardal,Emhyr,Undirected,1,6,2
1909,Emhyr,Stefan,Undirected,1,6,2
1910,Rience,Duke,Undirected,1,6,2
1911,Duke,Vattier,Undirected,2,6,2
1912,Two,Sir,Undirected,1,6,2
1913,Vysogota,Yennefer,Undirected,1,6,1
1914,Falka,Ori,Undirected,1,6,2
1915,Jan,Two,Undirected,1,6,2
1916,Two,Jan,Undirected,1,6,2
1917,Falka,Rience,Undirected,1,6,2
1918,Ciri,Jan,Undirected,2,6,1
1919,Jan,Ciri,Undirected,2,6,1
1920,Iola,Milo,Undirected,1,6,2
1921,Iola,Nenneke,Undirected,3,6,2
1922,Milo,Nenneke,Undirected,1,6,2
1923,Iola,Jarre,Undirected,1,6,2
1924,Ciri,Nenneke,Undirected,2,6,1
1925,Iola,Ciri,Undirected,1,6,1
1926,Iola,Triss,Undirected,1,6,2
1927,Triss,Nenneke,Undirected,1,6,2
1928,Nenneke,Ciri,Undirected,1,6,1
1929,Ciri,Jarre,Undirected,2,6,1
1930,Jarre,Ciri,Undirected,2,6,1
1931,Jarre,Nenneke,Undirected,1,6,2
1932,Vilgefortz,Ciri,Undirected,1,6,1
1933,Vilgefortz,Triss,Undirected,1,6,2
1934,Rience,Ori,Undirected,1,6,2
1935,Rience,Yennefer,Undirected,1,6,1
1936,Kelpie,Iola,Undirected,1,6,2
1937,Mistle,Geralt,Undirected,1,6,1
1938,Arthur,Merlin,Undirected,3,7,2
1939,Merlin,Arthur,Undirected,1,7,2
1940,Merlin,Sir,Undirected,2,7,2
1941,Arthur,Sir,Undirected,1,7,2
1942,Nimue,Dandelion,Undirected,3,7,1
1943,Dandelion,Nimue,Undirected,1,7,1
1944,Dandelion,Two,Undirected,1,7,1
1945,Nimue,Two,Undirected,1,7,2
1946,Geralt,Nimue,Undirected,1,7,1
1947,Yennefer,Nimue,Undirected,2,7,1
1948,Beau,Ciri,Undirected,5,7,1
1949,Ciri,Nimue,Undirected,4,7,1
1950,Nimue,Ciri,Undirected,9,7,1
1951,Ciri,Lydia,Undirected,1,7,1
1952,Lydia,Nimue,Undirected,1,7,2
1953,Stella,Count,Undirected,2,7,2
1954,Stella,Emhyr,Undirected,6,7,2
1955,Count,Emhyr,Undirected,6,7,2
1956,Count,Stella,Undirected,4,7,2
1957,Emhyr,Vattier,Undirected,2,7,2
1958,Emhyr,Stella,Undirected,3,7,2
1959,Emhyr,Count,Undirected,1,7,2
1960,Emhyr,Beau,Undirected,1,7,2
1961,Nimue,Emhyr,Undirected,2,7,2
1962,Emhyr,Nimue,Undirected,1,7,2
1963,Nimue,King,Undirected,2,7,2
1964,Emhyr,King,Undirected,1,7,2
1965,King,Ciri,Undirected,3,7,1
1966,Ciri,Emhyr,Undirected,7,7,1
1967,Dandelion,Jan,Undirected,1,7,1
1968,Jan,Nimue,Undirected,1,7,2
1969,Cahir,Count,Undirected,1,7,2
1970,Cahir,Dandelion,Undirected,4,7,1
1971,Count,Dandelion,Undirected,1,7,1
1972,Dandelion,Geralt,Undirected,15,7,1
1973,Nimue,Geralt,Undirected,1,7,1
1974,Geralt,Dandelion,Undirected,28,7,1
1975,Geralt,Count,Undirected,1,7,1
1976,Dandelion,Count,Undirected,3,7,1
1977,Margarita,Francesca,Undirected,4,7,2
1978,Francesca,Ida,Undirected,3,7,2
1979,Ciri,Vilgefortz,Undirected,15,7,1
1980,Yennefer,Jan,Undirected,1,7,1
1981,Jan,Vilgefortz,Undirected,1,7,2
1982,Vilgefortz,Ciri,Undirected,11,7,1
1983,Vilgefortz,Yennefer,Undirected,19,7,1
1984,Ciri,Yennefer,Undirected,40,7,1
1985,Yennefer,Ciri,Undirected,44,7,1
1986,Yennefer,Vilgefortz,Undirected,20,7,1
1987,Yennefer,Geralt,Undirected,25,7,1
1988,Geralt,Ciri,Undirected,34,7,1
1989,Geralt,Yennefer,Undirected,15,7,1
1990,Vilgefortz,Emhyr,Undirected,7,7,2
1991,Emhyr,Stefan,Undirected,2,7,2
1992,Emhyr,Yennefer,Undirected,3,7,1
1993,Stefan,Yennefer,Undirected,2,7,1
1994,Stefan,Vilgefortz,Undirected,3,7,2
1995,Yennefer,Stefan,Undirected,2,7,1
1996,Nimue,Everett,Undirected,1,7,2
1997,Reynart,Geralt,Undirected,7,7,1
1998,Reynard,Geralt,Undirected,1,7,1
1999,Beau,Geralt,Undirected,3,7,1
2000,Beau,Roach,Undirected,1,7,2
2001,Geralt,Roach,Undirected,2,7,1
2002,Sir,Geralt,Undirected,3,7,1
2003,Sir,Milva,Undirected,1,7,2
2004,Geralt,Milva,Undirected,14,7,1
2005,Geralt,Cahir,Undirected,11,7,1
2006,Milva,Cahir,Undirected,6,7,2
2007,Cahir,Milva,Undirected,8,7,2
2008,Cahir,Beau,Undirected,1,7,2
2009,Milva,Beau,Undirected,1,7,2
2010,Reynart,Anna,Undirected,2,7,2
2011,Anna,Reynart,Undirected,1,7,2
2012,Anna,Dandelion,Undirected,3,7,1
2013,Anna,Julia,Undirected,2,7,2
2014,Anna,Sir,Undirected,1,7,2
2015,Reynart,Dandelion,Undirected,3,7,1
2016,Reynart,Julia,Undirected,1,7,2
2017,Reynart,Sir,Undirected,1,7,2
2018,Dandelion,Julia,Undirected,5,7,1
2019,Dandelion,Sir,Undirected,1,7,1
2020,Julia,Sir,Undirected,1,7,2
2021,Julia,Geralt,Undirected,3,7,1
2022,Geralt,Sir,Undirected,3,7,1
2023,Cahir,Reynart,Undirected,2,7,2
2024,Reynart,Count,Undirected,1,7,2
2025,Count,Geralt,Undirected,3,7,1
2026,Geralt,Reynart,Undirected,11,7,1
2027,Reynart,Two,Undirected,1,7,2
2028,Geralt,Two,Undirected,2,7,1
2029,Two,Reynart,Undirected,1,7,2
2030,Reynart,Beau,Undirected,3,7,2
2031,Beau,Reynart,Undirected,3,7,2
2032,Beau,Cahir,Undirected,2,7,2
2033,Geralt,Beau,Undirected,8,7,1
2034,Reynart,Cahir,Undirected,2,7,2
2035,Dandelion,Milva,Undirected,2,7,1
2036,Geralt,Julia,Undirected,1,7,1
2037,Beau,Julia,Undirected,2,7,2
2038,Beau,Dandelion,Undirected,3,7,1
2039,Julia,Dandelion,Undirected,5,7,1
2040,Anna,Geralt,Undirected,3,7,1
2041,Geralt,Anna,Undirected,1,7,1
2042,Beau,Anna,Undirected,1,7,2
2043,Dandelion,Fringilla,Undirected,4,7,1
2044,Fringilla,Geralt,Undirected,12,7,1
2045,Geralt,Fringilla,Undirected,22,7,1
2046,Reynart,Milva,Undirected,2,7,2
2047,Fringilla,Milva,Undirected,4,7,2
2048,Anna,Ciri,Undirected,2,7,1
2049,Dandelion,Ciri,Undirected,7,7,1
2050,Ciri,Pavetta,Undirected,2,7,1
2051,Ciri,Dandelion,Undirected,12,7,1
2052,Emhyr,Geralt,Undirected,4,7,1
2053,Milva,Geralt,Undirected,9,7,1
2054,Geralt,Baron,Undirected,3,7,1
2055,Geralt,Palmerin,Undirected,2,7,1
2056,Baron,Palmerin,Undirected,1,7,2
2057,Palmerin,Baron,Undirected,2,7,2
2058,Palmerin,Geralt,Undirected,1,7,1
2059,Milva,Reynart,Undirected,1,7,2
2060,Milva,Ciri,Undirected,1,7,1
2061,Count,Fringilla,Undirected,1,7,2
2062,Baron,Anna,Undirected,1,7,2
2063,Dandelion,Emiel,Undirected,1,7,1
2064,Emiel,Geralt,Undirected,4,7,1
2065,Milva,Fringilla,Undirected,2,7,2
2066,Milva,Baron,Undirected,6,7,2
2067,Fringilla,Baron,Undirected,1,7,2
2068,Baron,Geralt,Undirected,1,7,1
2069,Baron,Milva,Undirected,7,7,2
2070,Milva,Seven,Undirected,1,7,2
2071,Baron,Seven,Undirected,1,7,2
2072,Seven,Baron,Undirected,1,7,2
2073,Seven,Milva,Undirected,1,7,2
2074,Geralt,Gar,Undirected,1,7,1
2075,Fringilla,Fulko,Undirected,3,7,2
2076,Reynart,Roach,Undirected,1,7,2
2077,Sir,Dandelion,Undirected,1,7,1
2078,Sir,Cahir,Undirected,1,7,2
2079,Dandelion,Cahir,Undirected,2,7,1
2080,Dandelion,Roach,Undirected,2,7,1
2081,Ciri,Fringilla,Undirected,3,7,1
2082,Fringilla,Dandelion,Undirected,3,7,1
2083,Jan,Fringilla,Undirected,1,7,2
2084,Jan,Geralt,Undirected,2,7,1
2085,Geralt,King,Undirected,2,7,1
2086,Roach,Two,Undirected,2,7,2
2087,Cahir,Baron,Undirected,1,7,2
2088,Baron,Dandelion,Undirected,2,7,1
2089,Milva,Dandelion,Undirected,1,7,1
2090,Cahir,Geralt,Undirected,10,7,1
2091,Beau,Fringilla,Undirected,1,7,2
2092,Fringilla,Philippa,Undirected,9,7,1
2093,Fringilla,Yennefer,Undirected,3,7,1
2094,Philippa,Fringilla,Undirected,6,7,1
2095,Philippa,Yennefer,Undirected,1,7,1
2096,Keira,Philippa,Undirected,2,7,1
2097,Keira,Fringilla,Undirected,3,7,2
2098,Philippa,Margarita,Undirected,3,7,1
2099,Philippa,Sabrina,Undirected,4,7,1
2100,Fringilla,Margarita,Undirected,1,7,2
2101,Fringilla,Sabrina,Undirected,3,7,2
2102,Margarita,Sabrina,Undirected,1,7,2
2103,Sabrina,Ida,Undirected,1,7,2
2104,Ida,Assire,Undirected,2,7,2
2105,Fringilla,Ciri,Undirected,2,7,1
2106,Fringilla,Triss,Undirected,3,7,2
2107,Ciri,Triss,Undirected,12,7,1
2108,Ciri,Philippa,Undirected,3,7,1
2109,Triss,Philippa,Undirected,4,7,1
2110,Fringilla,Little,Undirected,1,7,2
2111,Dandelion,Little,Undirected,1,7,1
2112,Little,Fringilla,Undirected,1,7,2
2113,Baron,Cahir,Undirected,1,7,2
2114,Fringilla,Cahir,Undirected,2,7,2
2115,Cahir,Fringilla,Undirected,5,7,2
2116,Cahir,Ciri,Undirected,5,7,1
2117,Vilgefortz,Vattier,Undirected,1,7,2
2118,Vilgefortz,Joachim,Undirected,1,7,2
2119,Ardal,Emhyr,Undirected,1,7,2
2120,Stefan,Joachim,Undirected,1,7,2
2121,Morvran,Count,Undirected,1,7,2
2122,Emhyr,Ardal,Undirected,2,7,2
2123,Ardal,Joachim,Undirected,2,7,2
2124,Ardal,Stefan,Undirected,1,7,2
2125,Ardal,Vilgefortz,Undirected,1,7,2
2126,Joachim,Stefan,Undirected,1,7,2
2127,Joachim,Vilgefortz,Undirected,2,7,2
2128,Joachim,Emhyr,Undirected,4,7,2
2129,Stefan,Emhyr,Undirected,3,7,2
2130,Emhyr,Joachim,Undirected,3,7,2
2131,Yennefer,Emhyr,Undirected,2,7,1
2132,Yennefer,Ardal,Undirected,1,7,1
2133,Yennefer,Joachim,Undirected,1,7,1
2134,Ardal,Count,Undirected,1,7,2
2135,Joachim,Count,Undirected,1,7,2
2136,Count,Vilgefortz,Undirected,1,7,2
2137,Vilgefortz,Stefan,Undirected,1,7,2
2138,Fringilla,Vilgefortz,Undirected,6,7,2
2139,Vilgefortz,Fringilla,Undirected,4,7,2
2140,Vilgefortz,Geralt,Undirected,14,7,1
2141,Vilgefortz,Philippa,Undirected,2,7,1
2142,Fringilla,Keira,Undirected,1,7,2
2143,Philippa,Vilgefortz,Undirected,3,7,1
2144,Philippa,Keira,Undirected,1,7,1
2145,Vilgefortz,Keira,Undirected,1,7,2
2146,Vilgefortz,Sabrina,Undirected,1,7,2
2147,Keira,Sabrina,Undirected,2,7,2
2148,Sabrina,Fringilla,Undirected,3,7,2
2149,Fringilla,Assire,Undirected,4,7,2
2150,Guy,Geralt,Undirected,1,7,1
2151,Guy,Reynart,Undirected,1,7,2
2152,Fringilla,Beau,Undirected,1,7,2
2153,Philippa,Francesca,Undirected,3,7,1
2154,Philippa,Ida,Undirected,1,7,1
2155,Sabrina,Philippa,Undirected,4,7,1
2156,Sabrina,Vilgefortz,Undirected,1,7,2
2157,Philippa,Triss,Undirected,2,7,1
2158,Margarita,Fringilla,Undirected,1,7,2
2159,Margarita,Triss,Undirected,1,7,2
2160,Fringilla,Francesca,Undirected,1,7,2
2161,Triss,Francesca,Undirected,1,7,2
2162,Triss,Assire,Undirected,1,7,2
2163,Francesca,Assire,Undirected,2,7,2
2164,Francesca,Philippa,Undirected,3,7,1
2165,Assire,Philippa,Undirected,4,7,1
2166,Assire,Fringilla,Undirected,1,7,2
2167,Assire,Sabrina,Undirected,2,7,2
2168,Ciri,Kelpie,Undirected,25,7,1
2169,Kelpie,Ciri,Undirected,36,7,1
2170,Kelpie,Vesemir,Undirected,1,7,1
2171,Vesemir,Ciri,Undirected,1,7,1
2172,Eredin,Ciri,Undirected,16,7,1
2173,Ciri,Eredin,Undirected,13,7,1
2174,Ciri,Aen,Undirected,9,7,1
2175,Aen,Eredin,Undirected,2,7,2
2176,Ciri,Auberon,Undirected,9,7,1
2177,Auberon,Aen,Undirected,3,7,2
2178,Auberon,King,Undirected,3,7,2
2179,Aen,Auberon,Undirected,1,7,2
2180,Aen,King,Undirected,1,7,2
2181,Auberon,Eredin,Undirected,3,7,2
2182,Eredin,Auberon,Undirected,2,7,2
2183,Auberon,Ciri,Undirected,6,7,1
2184,Ciri,Gar,Undirected,1,7,1
2185,Eredin,Gar,Undirected,1,7,2
2186,Gar,Ciri,Undirected,1,7,1
2187,Gar,Eredin,Undirected,1,7,2
2188,Aen,Ciri,Undirected,7,7,1
2189,Auberon,Geralt,Undirected,2,7,1
2190,Ciri,King,Undirected,4,7,1
2191,Vysogota,Ciri,Undirected,2,7,1
2192,Vysogota,Yennefer,Undirected,1,7,1
2193,Ciri,Vysogota,Undirected,2,7,1
2194,Vysogota,Geralt,Undirected,2,7,1
2195,Kelpie,Aen,Undirected,1,7,2
2196,Kelpie,Eredin,Undirected,1,7,2
2197,Eredin,Kelpie,Undirected,3,7,2
2198,Ciri,Anna,Undirected,1,7,1
2199,Anna,Eredin,Undirected,1,7,2
2200,King,Kayleigh,Undirected,1,7,2
2201,Kayleigh,King,Undirected,1,7,2
2202,Kayleigh,Ciri,Undirected,1,7,1
2203,Eredin,Vysogota,Undirected,1,7,2
2204,Ciri,Little,Undirected,2,7,1
2205,Ciri,Ihuarraquax,Undirected,3,7,1
2206,Little,Ihuarraquax,Undirected,1,7,2
2207,Little,Ciri,Undirected,3,7,1
2208,Ihuarraquax,Ciri,Undirected,2,7,1
2209,Ihuarraquax,Little,Undirected,1,7,2
2210,Gar,Little,Undirected,1,7,2
2211,Kelpie,Little,Undirected,2,7,2
2212,Ihuarraquax,Kelpie,Undirected,1,7,2
2213,Kelpie,Seven,Undirected,1,7,2
2214,Little,Seven,Undirected,1,7,2
2215,Seven,Little,Undirected,1,7,2
2216,Seven,Ciri,Undirected,1,7,1
2217,King,Menno,Undirected,1,7,2
2218,Jarre,Milton,Undirected,2,7,2
2219,Milton,Jarre,Undirected,2,7,2
2220,Jarre,Jan,Undirected,1,7,2
2221,Jan,Jarre,Undirected,1,7,2
2222,Jarre,Sir,Undirected,1,7,2
2223,Sir,Jarre,Undirected,1,7,2
2224,Jarre,Two,Undirected,3,7,2
2225,Two,Jarre,Undirected,2,7,2
2226,Jarre,Geralt,Undirected,1,7,1
2227,Jarre,Nenneke,Undirected,3,7,2
2228,Jarre,Ciri,Undirected,4,7,1
2229,Geralt,Nenneke,Undirected,1,7,1
2230,Geralt,Triss,Undirected,1,7,1
2231,Nenneke,Ciri,Undirected,1,7,1
2232,Nenneke,Triss,Undirected,6,7,2
2233,Jarre,King,Undirected,1,7,2
2234,Adam,Julia,Undirected,5,7,2
2235,Jarre,Dennis,Undirected,4,7,2
2236,Dennis,Jarre,Undirected,5,7,2
2237,Dennis,Nenneke,Undirected,3,7,2
2238,Nenneke,Dennis,Undirected,1,7,2
2239,Nenneke,Jarre,Undirected,3,7,2
2240,Sheldon,Jarre,Undirected,1,7,2
2241,Jarre,Sheldon,Undirected,1,7,2
2242,Sheldon,Zoltan,Undirected,1,7,2
2243,Sheldon,Menno,Undirected,1,7,2
2244,Zoltan,Menno,Undirected,1,7,2
2245,Zoltan,Jarre,Undirected,3,7,2
2246,Menno,Jarre,Undirected,1,7,2
2247,Zoltan,Dennis,Undirected,2,7,2
2248,Zoltan,Vissegerd,Undirected,1,7,2
2249,Zoltan,Julia,Undirected,1,7,2
2250,Dennis,Vissegerd,Undirected,1,7,2
2251,Dennis,Julia,Undirected,1,7,2
2252,Vissegerd,Julia,Undirected,1,7,2
2253,Vissegerd,Dennis,Undirected,1,7,2
2254,Julia,Dennis,Undirected,1,7,2
2255,Julia,Yarpen,Undirected,1,7,2
2256,Dennis,Yarpen,Undirected,1,7,2
2257,Dennis,Emhyr,Undirected,1,7,2
2258,Yarpen,Emhyr,Undirected,1,7,2
2259,Emhyr,Zoltan,Undirected,1,7,2
2260,Dennis,Zoltan,Undirected,1,7,2
2261,Jarre,Zoltan,Undirected,1,7,2
2262,Dennis,Ciri,Undirected,1,7,1
2263,Ciri,Nenneke,Undirected,1,7,1
2264,Kelpie,Ihuarraquax,Undirected,1,7,2
2265,Kelpie,Two,Undirected,1,7,2
2266,Two,Kelpie,Undirected,1,7,2
2267,Two,Ciri,Undirected,3,7,1
2268,King,Nimue,Undirected,1,7,2
2269,Fabio,Yennefer,Undirected,1,7,1
2270,Ciri,Geralt,Undirected,28,7,1
2271,Geralt,Kelpie,Undirected,3,7,1
2272,King,Geralt,Undirected,3,7,1
2273,Nimue,Ithlinne,Undirected,1,7,2
2274,Ithlinne,Nimue,Undirected,2,7,2
2275,Nimue,Jan,Undirected,1,7,2
2276,Ciri,Jarre,Undirected,3,7,1
2277,Jarre,Anna,Undirected,1,7,2
2278,Puttkammer,Baron,Undirected,1,7,2
2279,Puttkammer,Field,Undirected,1,7,2
2280,Field,Puttkammer,Undirected,1,7,2
2281,Puttkammer,Seven,Undirected,1,7,2
2282,Julia,Adam,Undirected,1,7,2
2283,Bronibor,Adam,Undirected,1,7,2
2284,Bronibor,Barclay,Undirected,1,7,2
2285,Adam,Barclay,Undirected,1,7,2
2286,Jarre,Field,Undirected,2,7,2
2287,Jarre,Menno,Undirected,1,7,2
2288,Field,Menno,Undirected,3,7,2
2289,Menno,Field,Undirected,2,7,2
2290,Field,Ramon,Undirected,1,7,2
2291,Iola,Marti,Undirected,3,7,2
2292,Marti,Iola,Undirected,6,7,2
2293,King,Sword,Undirected,1,7,2
2294,King,Assire,Undirected,1,7,2
2295,King,Philippa,Undirected,3,7,1
2296,Iola,Shani,Undirected,3,7,1
2297,Shani,Marti,Undirected,1,7,1
2298,Adam,Jarre,Undirected,1,7,2
2299,Aubry,Julia,Undirected,1,7,2
2300,Barclay,Aubry,Undirected,3,7,2
2301,Aubry,Foltest,Undirected,2,7,1
2302,Foltest,Aubry,Undirected,1,7,1
2303,Aubry,Barclay,Undirected,2,7,2
2304,Two,Barclay,Undirected,1,7,2
2305,Julia,Aubry,Undirected,1,7,2
2306,Julia,Marti,Undirected,1,7,2
2307,Marti,Shani,Undirected,3,7,1
2308,Shani,Iola,Undirected,4,7,1
2309,Menno,Isengrim,Undirected,2,7,2
2310,Isengrim,Menno,Undirected,1,7,2
2311,Menno,Iola,Undirected,1,7,2
2312,Triss,Nenneke,Undirected,7,7,2
2313,Jarre,Triss,Undirected,1,7,2
2314,Count,Gar,Undirected,1,7,2
2315,Marti,Daniel,Undirected,1,7,2
2316,Marti,Count,Undirected,1,7,2
2317,Daniel,Count,Undirected,1,7,2
2318,Count,Shani,Undirected,1,7,1
2319,Adam,Foltest,Undirected,1,7,1
2320,Adam,Bronibor,Undirected,1,7,2
2321,Julia,Foltest,Undirected,1,7,1
2322,Julia,Bronibor,Undirected,1,7,2
2323,Foltest,Bronibor,Undirected,1,7,1
2324,Iola,Yaevinn,Undirected,1,7,2
2325,Kobus,Count,Undirected,1,7,2
2326,Puttkammer,Menno,Undirected,1,7,2
2327,Menno,Puttkammer,Undirected,1,7,2
2328,Sir,Seven,Undirected,1,7,2
2329,Elan,Seven,Undirected,1,7,2
2330,Jarre,Bronibor,Undirected,4,7,2
2331,Bronibor,Jarre,Undirected,2,7,2
2332,Bronibor,Seven,Undirected,1,7,2
2333,Field,Bronibor,Undirected,1,7,2
2334,Menno,Sievers,Undirected,1,7,2
2335,Sievers,Seven,Undirected,1,7,2
2336,Sievers,Field,Undirected,1,7,2
2337,Zoltan,Munro,Undirected,1,7,2
2338,Zoltan,Guy,Undirected,1,7,2
2339,Munro,Guy,Undirected,1,7,2
2340,Munro,Field,Undirected,1,7,2
2341,Guy,Field,Undirected,1,7,2
2342,Jarre,Iola,Undirected,1,7,2
2343,Iola,Bronibor,Undirected,1,7,2
2344,Iola,Jarre,Undirected,1,7,2
2345,King,Meve,Undirected,2,7,2
2346,King,Ardal,Undirected,1,7,2
2347,Meve,Ardal,Undirected,1,7,2
2348,Ciri,Marti,Undirected,1,7,1
2349,Milo,Marti,Undirected,1,7,2
2350,Ciri,Stefan,Undirected,1,7,1
2351,Vilgefortz,Aen,Undirected,2,7,2
2352,Milva,Maria,Undirected,2,7,2
2353,Geralt,Maria,Undirected,1,7,1
2354,Ciri,Emiel,Undirected,2,7,1
2355,Geralt,Emiel,Undirected,2,7,1
2356,Emiel,Ciri,Undirected,1,7,1
2357,Yennefer,Emiel,Undirected,1,7,1
2358,Vilgefortz,Emiel,Undirected,1,7,2
2359,Geralt,Vilgefortz,Undirected,22,7,1
2360,Count,Stefan,Undirected,1,7,2
2361,Leo,Vilgefortz,Undirected,1,7,2
2362,Ciri,Cahir,Undirected,6,7,1
2363,Cahir,Two,Undirected,1,7,2
2364,Cahir,Aillil,Undirected,1,7,2
2365,Fringilla,Count,Undirected,1,7,2
2366,Count,Ciri,Undirected,2,7,1
2367,Ciri,Leo,Undirected,1,7,1
2368,Leo,Yennefer,Undirected,1,7,1
2369,Leo,Ciri,Undirected,1,7,1
2370,Geralt,Emhyr,Undirected,2,7,1
2371,Geralt,Pavetta,Undirected,2,7,1
2372,Emhyr,Vilgefortz,Undirected,2,7,2
2373,Emhyr,Pavetta,Undirected,2,7,2
2374,Vilgefortz,Pavetta,Undirected,1,7,2
2375,Pavetta,Emhyr,Undirected,2,7,2
2376,Emhyr,Duke,Undirected,1,7,2
2377,Duke,Emhyr,Undirected,1,7,2
2378,Emhyr,Xarthisius,Undirected,1,7,2
2379,Xarthisius,Vilgefortz,Undirected,1,7,2
2380,Vilgefortz,Braathens,Undirected,1,7,2
2381,Pavetta,Vilgefortz,Undirected,1,7,2
2382,Pavetta,Ciri,Undirected,1,7,1
2383,Emhyr,Calanthe,Undirected,1,7,2
2384,Geralt,Calanthe,Undirected,1,7,1
2385,Calanthe,Vilgefortz,Undirected,1,7,2
2386,Calanthe,Ciri,Undirected,1,7,1
2387,Emhyr,Ciri,Undirected,3,7,1
2388,Francesca,Geralt,Undirected,1,7,1
2389,Francesca,Fringilla,Undirected,1,7,2
2390,Pavetta,Calanthe,Undirected,1,7,2
2391,Pavetta,Cyrus,Undirected,1,7,2
2392,Calanthe,Cyrus,Undirected,1,7,2
2393,Cyrus,Calanthe,Undirected,1,7,2
2394,Calanthe,Triss,Undirected,1,7,2
2395,Triss,Ciri,Undirected,12,7,1
2396,Shilard,King,Undirected,1,7,2
2397,Shilard,Foltest,Undirected,2,7,1
2398,Shilard,Henselt,Undirected,1,7,2
2399,King,Foltest,Undirected,1,7,1
2400,King,Henselt,Undirected,2,7,2
2401,Foltest,Henselt,Undirected,4,7,1
2402,Henselt,King,Undirected,2,7,2
2403,Henselt,Meve,Undirected,2,7,2
2404,Henselt,Demavend,Undirected,4,7,2
2405,King,Demavend,Undirected,3,7,2
2406,Meve,Demavend,Undirected,1,7,2
2407,Meve,Henselt,Undirected,1,7,2
2408,Demavend,Henselt,Undirected,2,7,2
2409,Foltest,Demavend,Undirected,1,7,1
2410,Demavend,Cyrus,Undirected,2,7,2
2411,Demavend,Shilard,Undirected,3,7,2
2412,Cyrus,Shilard,Undirected,1,7,2
2413,Sabrina,Emhyr,Undirected,1,7,2
2414,Sabrina,Demavend,Undirected,3,7,2
2415,Sabrina,Shilard,Undirected,1,7,2
2416,Emhyr,Demavend,Undirected,2,7,2
2417,Emhyr,Shilard,Undirected,2,7,2
2418,Demavend,Assire,Undirected,3,7,2
2419,Shilard,Assire,Undirected,1,7,2
2420,Assire,Francesca,Undirected,1,7,2
2421,Sabrina,Francesca,Undirected,3,7,2
2422,Sabrina,Margarita,Undirected,2,7,2
2423,Francesca,Sabrina,Undirected,2,7,2
2424,Francesca,Margarita,Undirected,1,7,2
2425,Francesca,King,Undirected,2,7,2
2426,Sabrina,King,Undirected,1,7,2
2427,Margarita,King,Undirected,1,7,2
2428,Margarita,Demavend,Undirected,1,7,2
2429,Francesca,Demavend,Undirected,3,7,2
2430,King,Sabrina,Undirected,1,7,2
2431,King,Francesca,Undirected,1,7,2
2432,Demavend,Sabrina,Undirected,1,7,2
2433,Demavend,Francesca,Undirected,2,7,2
2434,Demavend,Philippa,Undirected,2,7,1
2435,Philippa,Demavend,Undirected,4,7,1
2436,Philippa,Assire,Undirected,1,7,1
2437,Riordain,Isengrim,Undirected,1,7,2
2438,Shilard,Baron,Undirected,4,7,2
2439,Baron,Ambassador,Undirected,1,7,2
2440,Ambassador,Shilard,Undirected,1,7,2
2441,Baron,Shilard,Undirected,2,7,2
2442,Shilard,Emhyr,Undirected,2,7,2
2443,Shilard,Demavend,Undirected,1,7,2
2444,Foltest,Meve,Undirected,2,7,1
2445,Henselt,Foltest,Undirected,1,7,1
2446,Meve,Foltest,Undirected,1,7,1
2447,Meve,Calanthe,Undirected,1,7,2
2448,Foltest,Calanthe,Undirected,1,7,1
2449,Philippa,Foltest,Undirected,1,7,1
2450,Foltest,Philippa,Undirected,1,7,1
2451,Foltest,Emhyr,Undirected,1,7,1
2452,Philippa,Emhyr,Undirected,1,7,1
2453,Emhyr,Margarita,Undirected,1,7,2
2454,Margarita,Assire,Undirected,1,7,2
2455,Triss,Vattier,Undirected,1,7,2
2456,Vattier,Emhyr,Undirected,2,7,2
2457,Vattier,Count,Undirected,2,7,2
2458,Vattier,Stefan,Undirected,1,7,2
2459,Zuleyka,Ciri,Undirected,2,7,1
2460,Zuleyka,Calanthe,Undirected,1,7,2
2461,Zuleyka,Shilard,Undirected,1,7,2
2462,Ciri,Calanthe,Undirected,1,7,1
2463,Ciri,Shilard,Undirected,1,7,1
2464,Calanthe,Shilard,Undirected,1,7,2
2465,Calanthe,Emhyr,Undirected,1,7,2
2466,Pavetta,Philippa,Undirected,1,7,1
2467,Demavend,Radovid,Undirected,1,7,2
2468,Cyrus,Radovid,Undirected,2,7,2
2469,Philippa,Radovid,Undirected,1,7,1
2470,Nenneke,Iola,Undirected,1,7,2
2471,Iola,Milo,Undirected,1,7,2
2472,Philippa,Sigismund,Undirected,1,7,1
2473,Lucienne,Jarre,Undirected,8,7,2
2474,Jarre,Lucienne,Undirected,6,7,2
2475,Two,Lucienne,Undirected,1,7,2
2476,Toruviel,Lucienne,Undirected,1,7,2
2477,Rayla,Barclay,Undirected,2,7,2
2478,Isengrim,Riordain,Undirected,1,7,2
2479,Philippa,King,Undirected,2,7,1
2480,Ciri,Beau,Undirected,1,7,1
2481,Dandelion,Beau,Undirected,2,7,1
2482,Beau,Count,Undirected,1,7,2
2483,Julia,Ciri,Undirected,1,7,1
2484,Julia,Count,Undirected,3,7,2
2485,Ciri,Count,Undirected,1,7,1
2486,Ciri,Julia,Undirected,1,7,1
2487,Count,Julia,Undirected,1,7,2
2488,Julia,Anna,Undirected,1,7,2
2489,Dandelion,Anna,Undirected,1,7,1
2490,Anna,Beau,Undirected,1,7,2
2491,Dandelion,Baron,Undirected,1,7,1
2492,Fringilla,Jan,Undirected,1,7,2
2493,Jan,Dandelion,Undirected,1,7,1
2494,Yennefer,Kelpie,Undirected,2,7,1
2495,Kelpie,Geralt,Undirected,1,7,1
2496,Kelpie,Dandelion,Undirected,1,7,1
2497,Yennefer,Triss,Undirected,10,7,1
2498,Ciri,Margarita,Undirected,2,7,1
2499,Triss,Margarita,Undirected,2,7,2
2500,Triss,Yennefer,Undirected,15,7,1
2501,Margarita,Yennefer,Undirected,2,7,1
2502,Margarita,Ciri,Undirected,1,7,1
2503,Yennefer,Philippa,Undirected,2,7,1
2504,Philippa,Ciri,Undirected,7,7,1
2505,Ciri,Francesca,Undirected,3,7,1
2506,Francesca,Yennefer,Undirected,2,7,1
2507,Francesca,Tissaia,Undirected,2,7,2
2508,Yennefer,Tissaia,Undirected,8,7,1
2509,Tissaia,Ciri,Undirected,2,7,1
2510,Emhyr,Philippa,Undirected,1,7,1
2511,Philippa,Esterad,Undirected,1,7,1
2512,Philippa,Zuleyka,Undirected,1,7,1
2513,Esterad,Zuleyka,Undirected,1,7,2
2514,Esterad,Ciri,Undirected,1,7,1
2515,Yennefer,Francesca,Undirected,1,7,1
2516,Francesca,Ciri,Undirected,2,7,1
2517,Yennefer,Margarita,Undirected,1,7,1
2518,Geralt,Margarita,Undirected,2,7,1
2519,Margarita,Geralt,Undirected,2,7,1
2520,Ciri,Sabrina,Undirected,2,7,1
2521,Sabrina,Keira,Undirected,1,7,2
2522,Sabrina,Geralt,Undirected,1,7,1
2523,Keira,Geralt,Undirected,1,7,1
2524,Keira,Yennefer,Undirected,1,7,1
2525,Geralt,Sabrina,Undirected,2,7,1
2526,Sabrina,Yennefer,Undirected,3,7,1
2527,Triss,Geralt,Undirected,1,7,1
2528,Triss,Tissaia,Undirected,1,7,2
2529,Geralt,Tissaia,Undirected,1,7,1
2530,Margarita,Tissaia,Undirected,1,7,2
2531,Tissaia,Francesca,Undirected,1,7,2
2532,Ida,Ciri,Undirected,1,7,1
2533,Assire,Ciri,Undirected,1,7,1
2534,Yennefer,Sabrina,Undirected,2,7,1
2535,Dandelion,Meve,Undirected,1,7,1
2536,Two,Dandelion,Undirected,2,7,1
2537,Two,Geralt,Undirected,2,7,1
2538,Yarpen,Zoltan,Undirected,8,7,2
2539,Zoltan,Yarpen,Undirected,5,7,2
2540,Zoltan,King,Undirected,1,7,2
2541,Yarpen,King,Undirected,3,7,2
2542,King,Zoltan,Undirected,1,7,2
2543,King,Yarpen,Undirected,1,7,2
2544,Zoltan,Percival,Undirected,1,7,2
2545,Percival,Field,Undirected,1,7,2
2546,Field,Yarpen,Undirected,1,7,2
2547,Zoltan,Regan,Undirected,1,7,2
2548,Yarpen,Eudora,Undirected,2,7,2
2549,Zoltan,Eudora,Undirected,2,7,2
2550,Eudora,Zoltan,Undirected,1,7,2
2551,Eudora,Dandelion,Undirected,1,7,1
2552,Zoltan,Dandelion,Undirected,2,7,1
2553,Yennefer,King,Undirected,1,7,1
2554,Yarpen,Geralt,Undirected,2,7,1
2555,Dandelion,Yarpen,Undirected,3,7,1
2556,Yarpen,Dandelion,Undirected,1,7,1
2557,King,Dandelion,Undirected,1,7,1
2558,Dandelion,Zoltan,Undirected,1,7,1
2559,Zoltan,Sword,Undirected,1,7,2
2560,Eskel,Geralt,Undirected,1,7,1
2561,Eskel,Vesemir,Undirected,3,7,1
2562,Eskel,Lambert,Undirected,1,7,1
2563,Geralt,Vesemir,Undirected,1,7,1
2564,Geralt,Lambert,Undirected,2,7,1
2565,Vesemir,Lambert,Undirected,2,7,1
2566,Vesemir,Eskel,Undirected,2,7,1
2567,Vesemir,Geralt,Undirected,1,7,1
2568,Lambert,Eskel,Undirected,1,7,1
2569,Lambert,Vesemir,Undirected,1,7,1
2570,Geralt,Zoltan,Undirected,1,7,1
2571,Kelpie,Yennefer,Undirected,5,7,1
2572,Triss,Kelpie,Undirected,2,7,2
2573,Tissaia,Yennefer,Undirected,3,7,1
2574,Triss,Alzur,Undirected,1,7,2
2575,Yennefer,Alzur,Undirected,1,7,1
2576,Nimue,Triss,Undirected,3,7,2
2577,Triss,Nimue,Undirected,1,7,2
2578,Dandelion,Yennefer,Undirected,2,7,1
2579,Yennefer,Dandelion,Undirected,1,7,1
2580,Dandelion,Triss,Undirected,1,7,1
2581,Kelpie,Triss,Undirected,1,7,2
2582,Ciri,Milva,Undirected,1,7,1
2583,Yennefer,Cahir,Undirected,1,7,1
2584,Yennefer,Milva,Undirected,1,7,1
2585,Yennefer,Zoltan,Undirected,1,7,1
2586,Cahir,Zoltan,Undirected,1,7,2
2587,Cahir,Triss,Undirected,1,7,2
2588,Milva,Zoltan,Undirected,1,7,2
2589,Milva,Triss,Undirected,1,7,2
2590,Milva,Lytta,Undirected,1,7,2
2591,Zoltan,Triss,Undirected,1,7,2
2592,Zoltan,Lytta,Undirected,1,7,2
2593,Zoltan,Ciri,Undirected,1,7,1
2594,Triss,Lytta,Undirected,1,7,2
2595,Lytta,Ciri,Undirected,2,7,1
2596,Lytta,Triss,Undirected,1,7,2
2597,Triss,Dandelion,Undirected,1,7,1
2598,Triss,Yarpen,Undirected,1,7,2
2599,Dandelion,Mistle,Undirected,1,7,1
